#2026 09 20 03:01:46.793#Z#DEBUG#8469ec21-b49f-11f1-a367-eeee0a83654e.gestao-reembolso-db-deployer#flowable-async-job-executor-thread-70422#
[PollStageAppStatusExecution] 28eee1c0-1006-4225-bf57-a2fdb7dae99f [2026-09-20T03:01:18.717568] Updated app with guid 28eee1c0-1006-4225-bf57-a2fdb7dae99f ({"lifecycle"=>{"data"=>{"buildpacks"=>["nodejs_buildpack"]}, "type"=>"buildpack"}}) (STDOUT, API)#
#2026 09 20 03:01:46.793#Z#DEBUG#8469ec21-b49f-11f1-a367-eeee0a83654e.gestao-reembolso-db-deployer#flowable-async-job-executor-thread-70422#
[PollStageAppStatusExecution] 28eee1c0-1006-4225-bf57-a2fdb7dae99f [2026-09-20T03:01:18.804670] Updating process: "web" (STDOUT, API)#
#2026 09 20 03:01:46.793#Z#DEBUG#8469ec21-b49f-11f1-a367-eeee0a83654e.gestao-reembolso-db-deployer#flowable-async-job-executor-thread-70422#
[PollStageAppStatusExecution] 28eee1c0-1006-4225-bf57-a2fdb7dae99f [2026-09-20T03:01:18.913121] Updated app with guid 28eee1c0-1006-4225-bf57-a2fdb7dae99f ({"environment_variables"=>"[PRIVATE DATA HIDDEN]"}) (STDOUT, API)#
#2026 09 20 03:01:46.793#Z#DEBUG#8469ec21-b49f-11f1-a367-eeee0a83654e.gestao-reembolso-db-deployer#flowable-async-job-executor-thread-70422#
[PollStageAppStatusExecution] 28eee1c0-1006-4225-bf57-a2fdb7dae99f [2026-09-20T03:01:27.514363] Uploading app package for app with guid 28eee1c0-1006-4225-bf57-a2fdb7dae99f (STDOUT, API)#
#2026 09 20 03:01:46.793#Z#DEBUG#8469ec21-b49f-11f1-a367-eeee0a83654e.gestao-reembolso-db-deployer#flowable-async-job-executor-thread-70422#
[PollStageAppStatusExecution] 28eee1c0-1006-4225-bf57-a2fdb7dae99f [2026-09-20T03:01:27.689847] Updated app with guid 28eee1c0-1006-4225-bf57-a2fdb7dae99f ({"environment_variables"=>"[PRIVATE DATA HIDDEN]"}) (STDOUT, API)#
#2026 09 20 03:01:46.793#Z#DEBUG#8469ec21-b49f-11f1-a367-eeee0a83654e.gestao-reembolso-db-deployer#flowable-async-job-executor-thread-70422#
[PollStageAppStatusExecution] 28eee1c0-1006-4225-bf57-a2fdb7dae99f [2026-09-20T03:01:37.111654] Creating build for app with guid 28eee1c0-1006-4225-bf57-a2fdb7dae99f (STDOUT, API)#
#2026 09 20 03:01:46.793#Z#DEBUG#8469ec21-b49f-11f1-a367-eeee0a83654e.gestao-reembolso-db-deployer#flowable-async-job-executor-thread-70422#
[PollStageAppStatusExecution] 28eee1c0-1006-4225-bf57-a2fdb7dae99f [2026-09-20T03:01:37.606654] Downloading nodejs_buildpack... (STDOUT, STG)#
#2026 09 20 03:01:46.793#Z#DEBUG#8469ec21-b49f-11f1-a367-eeee0a83654e.gestao-reembolso-db-deployer#flowable-async-job-executor-thread-70422#
[PollStageAppStatusExecution] 28eee1c0-1006-4225-bf57-a2fdb7dae99f [2026-09-20T03:01:37.653655] Downloaded nodejs_buildpack (STDOUT, STG)#
#2026 09 20 03:01:46.793#Z#DEBUG#8469ec21-b49f-11f1-a367-eeee0a83654e.gestao-reembolso-db-deployer#flowable-async-job-executor-thread-70422#
[PollStageAppStatusExecution] 28eee1c0-1006-4225-bf57-a2fdb7dae99f [2026-09-20T03:01:37.653800] Cell c839c7b1-088e-41af-b9b7-66256aacd457 creating container for instance 09d97b9b-72fc-4777-951a-b60c842a0f58 (STDOUT, STG)#
#2026 09 20 03:01:46.793#Z#DEBUG#8469ec21-b49f-11f1-a367-eeee0a83654e.gestao-reembolso-db-deployer#flowable-async-job-executor-thread-70422#
[PollStageAppStatusExecution] 28eee1c0-1006-4225-bf57-a2fdb7dae99f [2026-09-20T03:01:38.068648] Security group rules were updated (STDOUT, STG)#
#2026 09 20 03:01:46.793#Z#DEBUG#8469ec21-b49f-11f1-a367-eeee0a83654e.gestao-reembolso-db-deployer#flowable-async-job-executor-thread-70422#
[PollStageAppStatusExecution] 28eee1c0-1006-4225-bf57-a2fdb7dae99f [2026-09-20T03:01:38.101026] Cell c839c7b1-088e-41af-b9b7-66256aacd457 successfully created container for instance 09d97b9b-72fc-4777-951a-b60c842a0f58 (STDOUT, STG)#
#2026 09 20 03:01:46.793#Z#DEBUG#8469ec21-b49f-11f1-a367-eeee0a83654e.gestao-reembolso-db-deployer#flowable-async-job-executor-thread-70422#
[PollStageAppStatusExecution] 28eee1c0-1006-4225-bf57-a2fdb7dae99f [2026-09-20T03:01:38.600422] Downloading app package... (STDOUT, STG)#
#2026 09 20 03:01:46.793#Z#DEBUG#8469ec21-b49f-11f1-a367-eeee0a83654e.gestao-reembolso-db-deployer#flowable-async-job-executor-thread-70422#
[PollStageAppStatusExecution] 28eee1c0-1006-4225-bf57-a2fdb7dae99f [2026-09-20T03:01:38.600491] Downloading build artifacts cache... (STDOUT, STG)#
#2026 09 20 03:01:46.793#Z#DEBUG#8469ec21-b49f-11f1-a367-eeee0a83654e.gestao-reembolso-db-deployer#flowable-async-job-executor-thread-70422#
[PollStageAppStatusExecution] 28eee1c0-1006-4225-bf57-a2fdb7dae99f [2026-09-20T03:01:40.008644] Downloaded build artifacts cache (40.2M) (STDOUT, STG)#
#2026 09 20 03:01:46.793#Z#DEBUG#8469ec21-b49f-11f1-a367-eeee0a83654e.gestao-reembolso-db-deployer#flowable-async-job-executor-thread-70422#
[PollStageAppStatusExecution] 28eee1c0-1006-4225-bf57-a2fdb7dae99f [2026-09-20T03:01:40.253029] Downloaded app package (41M) (STDOUT, STG)#
#2026 09 20 03:01:46.793#Z#DEBUG#8469ec21-b49f-11f1-a367-eeee0a83654e.gestao-reembolso-db-deployer#flowable-async-job-executor-thread-70422#
[PollStageAppStatusExecution] 28eee1c0-1006-4225-bf57-a2fdb7dae99f [2026-09-20T03:01:40.342869] -----> Nodejs Buildpack version 1.9.4 (STDOUT, STG)#
#2026 09 20 03:01:46.793#Z#DEBUG#8469ec21-b49f-11f1-a367-eeee0a83654e.gestao-reembolso-db-deployer#flowable-async-job-executor-thread-70422#
[PollStageAppStatusExecution] 28eee1c0-1006-4225-bf57-a2fdb7dae99f [2026-09-20T03:01:40.582736] -----> Bootstrapping python (STDOUT, STG)#
#2026 09 20 03:01:46.793#Z#DEBUG#8469ec21-b49f-11f1-a367-eeee0a83654e.gestao-reembolso-db-deployer#flowable-async-job-executor-thread-70422#
[PollStageAppStatusExecution] 28eee1c0-1006-4225-bf57-a2fdb7dae99f [2026-09-20T03:01:40.582800] -----> Installing python 3.13.15 (STDOUT, STG)#
#2026 09 20 03:01:46.793#Z#DEBUG#8469ec21-b49f-11f1-a367-eeee0a83654e.gestao-reembolso-db-deployer#flowable-async-job-executor-thread-70422#
[PollStageAppStatusExecution] 28eee1c0-1006-4225-bf57-a2fdb7dae99f [2026-09-20T03:01:40.582929] Copy [/tmp/buildpacks/5be6efbe8830cdb7/dependencies/6832464ec708e1392d482a6034aa2c94/python_3.13.15_linux_x64_cflinuxfs4_0c9cd9fd.tgz] (STDOUT, STG)#
#2026 09 20 03:01:46.793#Z#DEBUG#8469ec21-b49f-11f1-a367-eeee0a83654e.gestao-reembolso-db-deployer#flowable-async-job-executor-thread-70422#
[PollStageAppStatusExecution] 28eee1c0-1006-4225-bf57-a2fdb7dae99f [2026-09-20T03:01:44.836158] -----> Installing binaries (STDOUT, STG)#
#2026 09 20 03:01:46.793#Z#DEBUG#8469ec21-b49f-11f1-a367-eeee0a83654e.gestao-reembolso-db-deployer#flowable-async-job-executor-thread-70422#
[PollStageAppStatusExecution] 28eee1c0-1006-4225-bf57-a2fdb7dae99f [2026-09-20T03:01:44.836365] engines.node (package.json): unspecified (STDOUT, STG)#
#2026 09 20 03:01:46.793#Z#DEBUG#8469ec21-b49f-11f1-a367-eeee0a83654e.gestao-reembolso-db-deployer#flowable-async-job-executor-thread-70422#
[PollStageAppStatusExecution] 28eee1c0-1006-4225-bf57-a2fdb7dae99f [2026-09-20T03:01:44.836410] engines.npm (package.json): unspecified (use default) (STDOUT, STG)#
#2026 09 20 03:01:46.793#Z#DEBUG#8469ec21-b49f-11f1-a367-eeee0a83654e.gestao-reembolso-db-deployer#flowable-async-job-executor-thread-70422#
[PollStageAppStatusExecution] 28eee1c0-1006-4225-bf57-a2fdb7dae99f [2026-09-20T03:01:44.836417] [31;1m**WARNING**[0m Node version not specified in package.json or .nvmrc. See: http://docs.cloudfoundry.org/buildpacks/node/node-tips.html (STDOUT, STG)#
#2026 09 20 03:01:46.793#Z#DEBUG#8469ec21-b49f-11f1-a367-eeee0a83654e.gestao-reembolso-db-deployer#flowable-async-job-executor-thread-70422#
[PollStageAppStatusExecution] 28eee1c0-1006-4225-bf57-a2fdb7dae99f [2026-09-20T03:01:44.836434] -----> Installing node 22.23.2 (STDOUT, STG)#
#2026 09 20 03:01:46.793#Z#DEBUG#8469ec21-b49f-11f1-a367-eeee0a83654e.gestao-reembolso-db-deployer#flowable-async-job-executor-thread-70422#
[PollStageAppStatusExecution] 28eee1c0-1006-4225-bf57-a2fdb7dae99f [2026-09-20T03:01:44.836583] Copy [/tmp/buildpacks/5be6efbe8830cdb7/dependencies/d69f9b8550b7904ed82cbc204ef0d72d/node_22.23.2_linux_x64_cflinuxfs4_8bfe78a5.tgz] (STDOUT, STG)#
#2026 09 20 03:01:56.808#Z#DEBUG#8469ec21-b49f-11f1-a367-eeee0a83654e.gestao-reembolso-db-deployer#flowable-async-job-executor-thread-70428#
[PollStageAppStatusExecution] 28eee1c0-1006-4225-bf57-a2fdb7dae99f [2026-09-20T03:01:47.264812] Using default npm version: 10.9.8 (STDOUT, STG)#
#2026 09 20 03:01:56.808#Z#DEBUG#8469ec21-b49f-11f1-a367-eeee0a83654e.gestao-reembolso-db-deployer#flowable-async-job-executor-thread-70428#
[PollStageAppStatusExecution] 28eee1c0-1006-4225-bf57-a2fdb7dae99f [2026-09-20T03:01:47.264840] -----> Installing yarn 1.22.22 (STDOUT, STG)#
#2026 09 20 03:01:56.808#Z#DEBUG#8469ec21-b49f-11f1-a367-eeee0a83654e.gestao-reembolso-db-deployer#flowable-async-job-executor-thread-70428#
[PollStageAppStatusExecution] 28eee1c0-1006-4225-bf57-a2fdb7dae99f [2026-09-20T03:01:47.264993] Copy [/tmp/buildpacks/5be6efbe8830cdb7/dependencies/e4fe26756e9984a665478d350474fa2e/yarn_1.22.22_linux_noarch_any-stack_b6132b86.tgz] (STDOUT, STG)#
#2026 09 20 03:01:56.808#Z#DEBUG#8469ec21-b49f-11f1-a367-eeee0a83654e.gestao-reembolso-db-deployer#flowable-async-job-executor-thread-70428#
[PollStageAppStatusExecution] 28eee1c0-1006-4225-bf57-a2fdb7dae99f [2026-09-20T03:01:47.605990] Installed yarn 1.22.22 (STDOUT, STG)#
#2026 09 20 03:01:56.808#Z#DEBUG#8469ec21-b49f-11f1-a367-eeee0a83654e.gestao-reembolso-db-deployer#flowable-async-job-executor-thread-70428#
[PollStageAppStatusExecution] 28eee1c0-1006-4225-bf57-a2fdb7dae99f [2026-09-20T03:01:47.606022] -----> Creating runtime environment (STDOUT, STG)#
#2026 09 20 03:01:56.808#Z#DEBUG#8469ec21-b49f-11f1-a367-eeee0a83654e.gestao-reembolso-db-deployer#flowable-async-job-executor-thread-70428#
[PollStageAppStatusExecution] 28eee1c0-1006-4225-bf57-a2fdb7dae99f [2026-09-20T03:01:47.607467] NODE_ENV=production (STDOUT, STG)#
#2026 09 20 03:01:56.808#Z#DEBUG#8469ec21-b49f-11f1-a367-eeee0a83654e.gestao-reembolso-db-deployer#flowable-async-job-executor-thread-70428#
[PollStageAppStatusExecution] 28eee1c0-1006-4225-bf57-a2fdb7dae99f [2026-09-20T03:01:47.607501] NODE_HOME=/tmp/contents3228616571/deps/0/node (STDOUT, STG)#
#2026 09 20 03:01:56.808#Z#DEBUG#8469ec21-b49f-11f1-a367-eeee0a83654e.gestao-reembolso-db-deployer#flowable-async-job-executor-thread-70428#
[PollStageAppStatusExecution] 28eee1c0-1006-4225-bf57-a2fdb7dae99f [2026-09-20T03:01:47.607505] NODE_MODULES_CACHE=true (STDOUT, STG)#
#2026 09 20 03:01:56.808#Z#DEBUG#8469ec21-b49f-11f1-a367-eeee0a83654e.gestao-reembolso-db-deployer#flowable-async-job-executor-thread-70428#
[PollStageAppStatusExecution] 28eee1c0-1006-4225-bf57-a2fdb7dae99f [2026-09-20T03:01:47.607508] NODE_VERBOSE=false (STDOUT, STG)#
#2026 09 20 03:01:56.808#Z#DEBUG#8469ec21-b49f-11f1-a367-eeee0a83654e.gestao-reembolso-db-deployer#flowable-async-job-executor-thread-70428#
[PollStageAppStatusExecution] 28eee1c0-1006-4225-bf57-a2fdb7dae99f [2026-09-20T03:01:47.607511] NPM_CONFIG_LOGLEVEL=error (STDOUT, STG)#
#2026 09 20 03:01:56.808#Z#DEBUG#8469ec21-b49f-11f1-a367-eeee0a83654e.gestao-reembolso-db-deployer#flowable-async-job-executor-thread-70428#
[PollStageAppStatusExecution] 28eee1c0-1006-4225-bf57-a2fdb7dae99f [2026-09-20T03:01:47.607513] NPM_CONFIG_PRODUCTION=true (STDOUT, STG)#
#2026 09 20 03:01:56.808#Z#DEBUG#8469ec21-b49f-11f1-a367-eeee0a83654e.gestao-reembolso-db-deployer#flowable-async-job-executor-thread-70428#
[PollStageAppStatusExecution] 28eee1c0-1006-4225-bf57-a2fdb7dae99f [2026-09-20T03:01:47.607531] -----> Building dependencies (STDOUT, STG)#
#2026 09 20 03:01:56.808#Z#DEBUG#8469ec21-b49f-11f1-a367-eeee0a83654e.gestao-reembolso-db-deployer#flowable-async-job-executor-thread-70428#
[PollStageAppStatusExecution] 28eee1c0-1006-4225-bf57-a2fdb7dae99f [2026-09-20T03:01:47.607539] Prebuild detected (node_modules already exists) (STDOUT, STG)#
#2026 09 20 03:01:56.808#Z#DEBUG#8469ec21-b49f-11f1-a367-eeee0a83654e.gestao-reembolso-db-deployer#flowable-async-job-executor-thread-70428#
[PollStageAppStatusExecution] 28eee1c0-1006-4225-bf57-a2fdb7dae99f [2026-09-20T03:01:47.607544] Rebuilding any native modules (STDOUT, STG)#
#2026 09 20 03:01:56.808#Z#DEBUG#8469ec21-b49f-11f1-a367-eeee0a83654e.gestao-reembolso-db-deployer#flowable-async-job-executor-thread-70428#
[PollStageAppStatusExecution] 28eee1c0-1006-4225-bf57-a2fdb7dae99f [2026-09-20T03:01:48.655479] rebuilt dependencies successfully (STDOUT, STG)#
#2026 09 20 03:01:56.808#Z#DEBUG#8469ec21-b49f-11f1-a367-eeee0a83654e.gestao-reembolso-db-deployer#flowable-async-job-executor-thread-70428#
[PollStageAppStatusExecution] 28eee1c0-1006-4225-bf57-a2fdb7dae99f [2026-09-20T03:01:48.656569] npm notice (STDOUT, STG)#
#2026 09 20 03:01:56.808#Z#DEBUG#8469ec21-b49f-11f1-a367-eeee0a83654e.gestao-reembolso-db-deployer#flowable-async-job-executor-thread-70428#
[PollStageAppStatusExecution] 28eee1c0-1006-4225-bf57-a2fdb7dae99f [2026-09-20T03:01:48.656591] npm notice New major version of npm available! 10.9.8 -> 12.0.2 (STDOUT, STG)#
#2026 09 20 03:01:56.808#Z#DEBUG#8469ec21-b49f-11f1-a367-eeee0a83654e.gestao-reembolso-db-deployer#flowable-async-job-executor-thread-70428#
[PollStageAppStatusExecution] 28eee1c0-1006-4225-bf57-a2fdb7dae99f [2026-09-20T03:01:48.656596] npm notice Changelog: https://github.com/npm/cli/releases/tag/v12.0.2 (STDOUT, STG)#
#2026 09 20 03:01:56.808#Z#DEBUG#8469ec21-b49f-11f1-a367-eeee0a83654e.gestao-reembolso-db-deployer#flowable-async-job-executor-thread-70428#
[PollStageAppStatusExecution] 28eee1c0-1006-4225-bf57-a2fdb7dae99f [2026-09-20T03:01:48.656598] npm notice To update run: npm install -g npm@12.0.2 (STDOUT, STG)#
#2026 09 20 03:01:56.808#Z#DEBUG#8469ec21-b49f-11f1-a367-eeee0a83654e.gestao-reembolso-db-deployer#flowable-async-job-executor-thread-70428#
[PollStageAppStatusExecution] 28eee1c0-1006-4225-bf57-a2fdb7dae99f [2026-09-20T03:01:48.656600] npm notice (STDOUT, STG)#
#2026 09 20 03:01:56.808#Z#DEBUG#8469ec21-b49f-11f1-a367-eeee0a83654e.gestao-reembolso-db-deployer#flowable-async-job-executor-thread-70428#
[PollStageAppStatusExecution] 28eee1c0-1006-4225-bf57-a2fdb7dae99f [2026-09-20T03:01:48.727281] Installing any new modules (package.json + package-lock.json) (STDOUT, STG)#
#2026 09 20 03:01:56.809#Z#DEBUG#8469ec21-b49f-11f1-a367-eeee0a83654e.gestao-reembolso-db-deployer#flowable-async-job-executor-thread-70428#
[PollStageAppStatusExecution] 28eee1c0-1006-4225-bf57-a2fdb7dae99f [2026-09-20T03:01:49.225147] up to date in 415ms (STDOUT, STG)#
#2026 09 20 03:01:56.809#Z#DEBUG#8469ec21-b49f-11f1-a367-eeee0a83654e.gestao-reembolso-db-deployer#flowable-async-job-executor-thread-70428#
[PollStageAppStatusExecution] 28eee1c0-1006-4225-bf57-a2fdb7dae99f [2026-09-20T03:01:49.225180] 3 packages are looking for funding (STDOUT, STG)#
#2026 09 20 03:01:56.809#Z#DEBUG#8469ec21-b49f-11f1-a367-eeee0a83654e.gestao-reembolso-db-deployer#flowable-async-job-executor-thread-70428#
[PollStageAppStatusExecution] 28eee1c0-1006-4225-bf57-a2fdb7dae99f [2026-09-20T03:01:49.225190] run `npm fund` for details (STDOUT, STG)#
#2026 09 20 03:01:56.809#Z#DEBUG#8469ec21-b49f-11f1-a367-eeee0a83654e.gestao-reembolso-db-deployer#flowable-async-job-executor-thread-70428#
[PollStageAppStatusExecution] 28eee1c0-1006-4225-bf57-a2fdb7dae99f [2026-09-20T03:01:49.961024] Contrast Security no credentials found. Will not write environment files. (STDOUT, STG)#
#2026 09 20 03:02:06.841#Z#DEBUG#8469ec21-b49f-11f1-a367-eeee0a83654e.gestao-reembolso-db-deployer#flowable-async-job-executor-thread-70434#
[PollStageAppStatusExecution] 28eee1c0-1006-4225-bf57-a2fdb7dae99f [2026-09-20T03:02:04.306216] Exit status 0 (STDOUT, STG)#
#2026 09 20 03:02:06.841#Z#DEBUG#8469ec21-b49f-11f1-a367-eeee0a83654e.gestao-reembolso-db-deployer#flowable-async-job-executor-thread-70434#
[PollStageAppStatusExecution] 28eee1c0-1006-4225-bf57-a2fdb7dae99f [2026-09-20T03:02:04.306267] Uploading droplet, build artifacts cache... (STDOUT, STG)#
#2026 09 20 03:02:06.841#Z#DEBUG#8469ec21-b49f-11f1-a367-eeee0a83654e.gestao-reembolso-db-deployer#flowable-async-job-executor-thread-70434#
[PollStageAppStatusExecution] 28eee1c0-1006-4225-bf57-a2fdb7dae99f [2026-09-20T03:02:04.306307] Uploading droplet... (STDOUT, STG)#
#2026 09 20 03:02:06.841#Z#DEBUG#8469ec21-b49f-11f1-a367-eeee0a83654e.gestao-reembolso-db-deployer#flowable-async-job-executor-thread-70434#
[PollStageAppStatusExecution] 28eee1c0-1006-4225-bf57-a2fdb7dae99f [2026-09-20T03:02:04.306351] Uploading build artifacts cache... (STDOUT, STG)#
#2026 09 20 03:02:06.841#Z#DEBUG#8469ec21-b49f-11f1-a367-eeee0a83654e.gestao-reembolso-db-deployer#flowable-async-job-executor-thread-70434#
[PollStageAppStatusExecution] 28eee1c0-1006-4225-bf57-a2fdb7dae99f [2026-09-20T03:02:04.797166] Uploaded build artifacts cache (40.2M) (STDOUT, STG)#
#2026 09 20 03:02:06.841#Z#DEBUG#8469ec21-b49f-11f1-a367-eeee0a83654e.gestao-reembolso-db-deployer#flowable-async-job-executor-thread-70434#
[PollStageAppStatusExecution] 28eee1c0-1006-4225-bf57-a2fdb7dae99f [2026-09-20T03:02:05.383269] Creating droplet for app with guid 28eee1c0-1006-4225-bf57-a2fdb7dae99f (STDOUT, API)#
#2026 09 20 03:02:16.874#Z#DEBUG#8469ec21-b49f-11f1-a367-eeee0a83654e.gestao-reembolso-db-deployer#flowable-async-job-executor-thread-32866#
[PollStageAppStatusExecution] 28eee1c0-1006-4225-bf57-a2fdb7dae99f [2026-09-20T03:02:08.483483] Uploaded droplet (96.8M) (STDOUT, STG)#
#2026 09 20 03:02:16.874#Z#DEBUG#8469ec21-b49f-11f1-a367-eeee0a83654e.gestao-reembolso-db-deployer#flowable-async-job-executor-thread-32866#
[PollStageAppStatusExecution] 28eee1c0-1006-4225-bf57-a2fdb7dae99f [2026-09-20T03:02:08.533189] Uploading complete (STDOUT, STG)#
#2026 09 20 03:02:16.874#Z#DEBUG#8469ec21-b49f-11f1-a367-eeee0a83654e.gestao-reembolso-db-deployer#flowable-async-job-executor-thread-32866#
[PollStageAppStatusExecution] 28eee1c0-1006-4225-bf57-a2fdb7dae99f [2026-09-20T03:02:08.860567] Cell c839c7b1-088e-41af-b9b7-66256aacd457 stopping instance 09d97b9b-72fc-4777-951a-b60c842a0f58 (STDOUT, STG)#
#2026 09 20 03:02:16.874#Z#DEBUG#8469ec21-b49f-11f1-a367-eeee0a83654e.gestao-reembolso-db-deployer#flowable-async-job-executor-thread-32866#
[PollStageAppStatusExecution] 28eee1c0-1006-4225-bf57-a2fdb7dae99f [2026-09-20T03:02:08.860606] Cell c839c7b1-088e-41af-b9b7-66256aacd457 destroying container for instance 09d97b9b-72fc-4777-951a-b60c842a0f58 (STDOUT, STG)#
#2026 09 20 03:02:16.874#Z#DEBUG#8469ec21-b49f-11f1-a367-eeee0a83654e.gestao-reembolso-db-deployer#flowable-async-job-executor-thread-32866#
[PollStageAppStatusExecution] 28eee1c0-1006-4225-bf57-a2fdb7dae99f [2026-09-20T03:02:08.910632] Staging complete for build 09d97b9b-72fc-4777-951a-b60c842a0f58 (STDOUT, API)#
#2026 09 20 03:02:16.874#Z#DEBUG#8469ec21-b49f-11f1-a367-eeee0a83654e.gestao-reembolso-db-deployer#flowable-async-job-executor-thread-32866#
[PollStageAppStatusExecution] 28eee1c0-1006-4225-bf57-a2fdb7dae99f [2026-09-20T03:02:10.299254] Cell c839c7b1-088e-41af-b9b7-66256aacd457 successfully destroyed container for instance 09d97b9b-72fc-4777-951a-b60c842a0f58 (STDOUT, STG)#
#2026 09 20 03:02:26.927#Z#DEBUG#8469ec21-b49f-11f1-a367-eeee0a83654e.gestao-reembolso-db-deployer#flowable-async-job-executor-thread-42023#
[PollExecuteTaskStatusExecution] 28eee1c0-1006-4225-bf57-a2fdb7dae99f [2026-09-20T03:01:18.717568] Updated app with guid 28eee1c0-1006-4225-bf57-a2fdb7dae99f ({"lifecycle"=>{"data"=>{"buildpacks"=>["nodejs_buildpack"]}, "type"=>"buildpack"}}) (STDOUT, API)#
#2026 09 20 03:02:26.927#Z#DEBUG#8469ec21-b49f-11f1-a367-eeee0a83654e.gestao-reembolso-db-deployer#flowable-async-job-executor-thread-42023#
[PollExecuteTaskStatusExecution] 28eee1c0-1006-4225-bf57-a2fdb7dae99f [2026-09-20T03:01:18.804670] Updating process: "web" (STDOUT, API)#
#2026 09 20 03:02:26.927#Z#DEBUG#8469ec21-b49f-11f1-a367-eeee0a83654e.gestao-reembolso-db-deployer#flowable-async-job-executor-thread-42023#
[PollExecuteTaskStatusExecution] 28eee1c0-1006-4225-bf57-a2fdb7dae99f [2026-09-20T03:01:18.913121] Updated app with guid 28eee1c0-1006-4225-bf57-a2fdb7dae99f ({"environment_variables"=>"[PRIVATE DATA HIDDEN]"}) (STDOUT, API)#
#2026 09 20 03:02:26.927#Z#DEBUG#8469ec21-b49f-11f1-a367-eeee0a83654e.gestao-reembolso-db-deployer#flowable-async-job-executor-thread-42023#
[PollExecuteTaskStatusExecution] 28eee1c0-1006-4225-bf57-a2fdb7dae99f [2026-09-20T03:01:27.514363] Uploading app package for app with guid 28eee1c0-1006-4225-bf57-a2fdb7dae99f (STDOUT, API)#
#2026 09 20 03:02:26.927#Z#DEBUG#8469ec21-b49f-11f1-a367-eeee0a83654e.gestao-reembolso-db-deployer#flowable-async-job-executor-thread-42023#
[PollExecuteTaskStatusExecution] 28eee1c0-1006-4225-bf57-a2fdb7dae99f [2026-09-20T03:01:27.689847] Updated app with guid 28eee1c0-1006-4225-bf57-a2fdb7dae99f ({"environment_variables"=>"[PRIVATE DATA HIDDEN]"}) (STDOUT, API)#
#2026 09 20 03:02:26.927#Z#DEBUG#8469ec21-b49f-11f1-a367-eeee0a83654e.gestao-reembolso-db-deployer#flowable-async-job-executor-thread-42023#
[PollExecuteTaskStatusExecution] 28eee1c0-1006-4225-bf57-a2fdb7dae99f [2026-09-20T03:01:37.111654] Creating build for app with guid 28eee1c0-1006-4225-bf57-a2fdb7dae99f (STDOUT, API)#
#2026 09 20 03:02:26.927#Z#DEBUG#8469ec21-b49f-11f1-a367-eeee0a83654e.gestao-reembolso-db-deployer#flowable-async-job-executor-thread-42023#
[PollExecuteTaskStatusExecution] 28eee1c0-1006-4225-bf57-a2fdb7dae99f [2026-09-20T03:01:37.606654] Downloading nodejs_buildpack... (STDOUT, STG)#
#2026 09 20 03:02:26.928#Z#DEBUG#8469ec21-b49f-11f1-a367-eeee0a83654e.gestao-reembolso-db-deployer#flowable-async-job-executor-thread-42023#
[PollExecuteTaskStatusExecution] 28eee1c0-1006-4225-bf57-a2fdb7dae99f [2026-09-20T03:01:37.653655] Downloaded nodejs_buildpack (STDOUT, STG)#
#2026 09 20 03:02:26.928#Z#DEBUG#8469ec21-b49f-11f1-a367-eeee0a83654e.gestao-reembolso-db-deployer#flowable-async-job-executor-thread-42023#
[PollExecuteTaskStatusExecution] 28eee1c0-1006-4225-bf57-a2fdb7dae99f [2026-09-20T03:01:37.653800] Cell c839c7b1-088e-41af-b9b7-66256aacd457 creating container for instance 09d97b9b-72fc-4777-951a-b60c842a0f58 (STDOUT, STG)#
#2026 09 20 03:02:26.928#Z#DEBUG#8469ec21-b49f-11f1-a367-eeee0a83654e.gestao-reembolso-db-deployer#flowable-async-job-executor-thread-42023#
[PollExecuteTaskStatusExecution] 28eee1c0-1006-4225-bf57-a2fdb7dae99f [2026-09-20T03:01:38.068648] Security group rules were updated (STDOUT, STG)#
#2026 09 20 03:02:26.928#Z#DEBUG#8469ec21-b49f-11f1-a367-eeee0a83654e.gestao-reembolso-db-deployer#flowable-async-job-executor-thread-42023#
[PollExecuteTaskStatusExecution] 28eee1c0-1006-4225-bf57-a2fdb7dae99f [2026-09-20T03:01:38.101026] Cell c839c7b1-088e-41af-b9b7-66256aacd457 successfully created container for instance 09d97b9b-72fc-4777-951a-b60c842a0f58 (STDOUT, STG)#
#2026 09 20 03:02:26.928#Z#DEBUG#8469ec21-b49f-11f1-a367-eeee0a83654e.gestao-reembolso-db-deployer#flowable-async-job-executor-thread-42023#
[PollExecuteTaskStatusExecution] 28eee1c0-1006-4225-bf57-a2fdb7dae99f [2026-09-20T03:01:38.600422] Downloading app package... (STDOUT, STG)#
#2026 09 20 03:02:26.928#Z#DEBUG#8469ec21-b49f-11f1-a367-eeee0a83654e.gestao-reembolso-db-deployer#flowable-async-job-executor-thread-42023#
[PollExecuteTaskStatusExecution] 28eee1c0-1006-4225-bf57-a2fdb7dae99f [2026-09-20T03:01:38.600491] Downloading build artifacts cache... (STDOUT, STG)#
#2026 09 20 03:02:26.928#Z#DEBUG#8469ec21-b49f-11f1-a367-eeee0a83654e.gestao-reembolso-db-deployer#flowable-async-job-executor-thread-42023#
[PollExecuteTaskStatusExecution] 28eee1c0-1006-4225-bf57-a2fdb7dae99f [2026-09-20T03:01:40.008644] Downloaded build artifacts cache (40.2M) (STDOUT, STG)#
#2026 09 20 03:02:26.928#Z#DEBUG#8469ec21-b49f-11f1-a367-eeee0a83654e.gestao-reembolso-db-deployer#flowable-async-job-executor-thread-42023#
[PollExecuteTaskStatusExecution] 28eee1c0-1006-4225-bf57-a2fdb7dae99f [2026-09-20T03:01:40.253029] Downloaded app package (41M) (STDOUT, STG)#
#2026 09 20 03:02:26.928#Z#DEBUG#8469ec21-b49f-11f1-a367-eeee0a83654e.gestao-reembolso-db-deployer#flowable-async-job-executor-thread-42023#
[PollExecuteTaskStatusExecution] 28eee1c0-1006-4225-bf57-a2fdb7dae99f [2026-09-20T03:01:40.342869] -----> Nodejs Buildpack version 1.9.4 (STDOUT, STG)#
#2026 09 20 03:02:26.928#Z#DEBUG#8469ec21-b49f-11f1-a367-eeee0a83654e.gestao-reembolso-db-deployer#flowable-async-job-executor-thread-42023#
[PollExecuteTaskStatusExecution] 28eee1c0-1006-4225-bf57-a2fdb7dae99f [2026-09-20T03:01:40.582736] -----> Bootstrapping python (STDOUT, STG)#
#2026 09 20 03:02:26.928#Z#DEBUG#8469ec21-b49f-11f1-a367-eeee0a83654e.gestao-reembolso-db-deployer#flowable-async-job-executor-thread-42023#
[PollExecuteTaskStatusExecution] 28eee1c0-1006-4225-bf57-a2fdb7dae99f [2026-09-20T03:01:40.582800] -----> Installing python 3.13.15 (STDOUT, STG)#
#2026 09 20 03:02:26.928#Z#DEBUG#8469ec21-b49f-11f1-a367-eeee0a83654e.gestao-reembolso-db-deployer#flowable-async-job-executor-thread-42023#
[PollExecuteTaskStatusExecution] 28eee1c0-1006-4225-bf57-a2fdb7dae99f [2026-09-20T03:01:40.582929] Copy [/tmp/buildpacks/5be6efbe8830cdb7/dependencies/6832464ec708e1392d482a6034aa2c94/python_3.13.15_linux_x64_cflinuxfs4_0c9cd9fd.tgz] (STDOUT, STG)#
#2026 09 20 03:02:26.928#Z#DEBUG#8469ec21-b49f-11f1-a367-eeee0a83654e.gestao-reembolso-db-deployer#flowable-async-job-executor-thread-42023#
[PollExecuteTaskStatusExecution] 28eee1c0-1006-4225-bf57-a2fdb7dae99f [2026-09-20T03:01:44.836158] -----> Installing binaries (STDOUT, STG)#
#2026 09 20 03:02:26.928#Z#DEBUG#8469ec21-b49f-11f1-a367-eeee0a83654e.gestao-reembolso-db-deployer#flowable-async-job-executor-thread-42023#
[PollExecuteTaskStatusExecution] 28eee1c0-1006-4225-bf57-a2fdb7dae99f [2026-09-20T03:01:44.836365] engines.node (package.json): unspecified (STDOUT, STG)#
#2026 09 20 03:02:26.928#Z#DEBUG#8469ec21-b49f-11f1-a367-eeee0a83654e.gestao-reembolso-db-deployer#flowable-async-job-executor-thread-42023#
[PollExecuteTaskStatusExecution] 28eee1c0-1006-4225-bf57-a2fdb7dae99f [2026-09-20T03:01:44.836410] engines.npm (package.json): unspecified (use default) (STDOUT, STG)#
#2026 09 20 03:02:26.928#Z#DEBUG#8469ec21-b49f-11f1-a367-eeee0a83654e.gestao-reembolso-db-deployer#flowable-async-job-executor-thread-42023#
[PollExecuteTaskStatusExecution] 28eee1c0-1006-4225-bf57-a2fdb7dae99f [2026-09-20T03:01:44.836417] [31;1m**WARNING**[0m Node version not specified in package.json or .nvmrc. See: http://docs.cloudfoundry.org/buildpacks/node/node-tips.html (STDOUT, STG)#
#2026 09 20 03:02:26.928#Z#DEBUG#8469ec21-b49f-11f1-a367-eeee0a83654e.gestao-reembolso-db-deployer#flowable-async-job-executor-thread-42023#
[PollExecuteTaskStatusExecution] 28eee1c0-1006-4225-bf57-a2fdb7dae99f [2026-09-20T03:01:44.836434] -----> Installing node 22.23.2 (STDOUT, STG)#
#2026 09 20 03:02:26.928#Z#DEBUG#8469ec21-b49f-11f1-a367-eeee0a83654e.gestao-reembolso-db-deployer#flowable-async-job-executor-thread-42023#
[PollExecuteTaskStatusExecution] 28eee1c0-1006-4225-bf57-a2fdb7dae99f [2026-09-20T03:01:44.836583] Copy [/tmp/buildpacks/5be6efbe8830cdb7/dependencies/d69f9b8550b7904ed82cbc204ef0d72d/node_22.23.2_linux_x64_cflinuxfs4_8bfe78a5.tgz] (STDOUT, STG)#
#2026 09 20 03:02:26.928#Z#DEBUG#8469ec21-b49f-11f1-a367-eeee0a83654e.gestao-reembolso-db-deployer#flowable-async-job-executor-thread-42023#
[PollExecuteTaskStatusExecution] 28eee1c0-1006-4225-bf57-a2fdb7dae99f [2026-09-20T03:01:47.264812] Using default npm version: 10.9.8 (STDOUT, STG)#
#2026 09 20 03:02:26.928#Z#DEBUG#8469ec21-b49f-11f1-a367-eeee0a83654e.gestao-reembolso-db-deployer#flowable-async-job-executor-thread-42023#
[PollExecuteTaskStatusExecution] 28eee1c0-1006-4225-bf57-a2fdb7dae99f [2026-09-20T03:01:47.264840] -----> Installing yarn 1.22.22 (STDOUT, STG)#
#2026 09 20 03:02:26.928#Z#DEBUG#8469ec21-b49f-11f1-a367-eeee0a83654e.gestao-reembolso-db-deployer#flowable-async-job-executor-thread-42023#
[PollExecuteTaskStatusExecution] 28eee1c0-1006-4225-bf57-a2fdb7dae99f [2026-09-20T03:01:47.264993] Copy [/tmp/buildpacks/5be6efbe8830cdb7/dependencies/e4fe26756e9984a665478d350474fa2e/yarn_1.22.22_linux_noarch_any-stack_b6132b86.tgz] (STDOUT, STG)#
#2026 09 20 03:02:26.928#Z#DEBUG#8469ec21-b49f-11f1-a367-eeee0a83654e.gestao-reembolso-db-deployer#flowable-async-job-executor-thread-42023#
[PollExecuteTaskStatusExecution] 28eee1c0-1006-4225-bf57-a2fdb7dae99f [2026-09-20T03:01:47.605990] Installed yarn 1.22.22 (STDOUT, STG)#
#2026 09 20 03:02:26.928#Z#DEBUG#8469ec21-b49f-11f1-a367-eeee0a83654e.gestao-reembolso-db-deployer#flowable-async-job-executor-thread-42023#
[PollExecuteTaskStatusExecution] 28eee1c0-1006-4225-bf57-a2fdb7dae99f [2026-09-20T03:01:47.606022] -----> Creating runtime environment (STDOUT, STG)#
#2026 09 20 03:02:26.928#Z#DEBUG#8469ec21-b49f-11f1-a367-eeee0a83654e.gestao-reembolso-db-deployer#flowable-async-job-executor-thread-42023#
[PollExecuteTaskStatusExecution] 28eee1c0-1006-4225-bf57-a2fdb7dae99f [2026-09-20T03:01:47.607467] NODE_ENV=production (STDOUT, STG)#
#2026 09 20 03:02:26.928#Z#DEBUG#8469ec21-b49f-11f1-a367-eeee0a83654e.gestao-reembolso-db-deployer#flowable-async-job-executor-thread-42023#
[PollExecuteTaskStatusExecution] 28eee1c0-1006-4225-bf57-a2fdb7dae99f [2026-09-20T03:01:47.607501] NODE_HOME=/tmp/contents3228616571/deps/0/node (STDOUT, STG)#
#2026 09 20 03:02:26.928#Z#DEBUG#8469ec21-b49f-11f1-a367-eeee0a83654e.gestao-reembolso-db-deployer#flowable-async-job-executor-thread-42023#
[PollExecuteTaskStatusExecution] 28eee1c0-1006-4225-bf57-a2fdb7dae99f [2026-09-20T03:01:47.607505] NODE_MODULES_CACHE=true (STDOUT, STG)#
#2026 09 20 03:02:26.928#Z#DEBUG#8469ec21-b49f-11f1-a367-eeee0a83654e.gestao-reembolso-db-deployer#flowable-async-job-executor-thread-42023#
[PollExecuteTaskStatusExecution] 28eee1c0-1006-4225-bf57-a2fdb7dae99f [2026-09-20T03:01:47.607508] NODE_VERBOSE=false (STDOUT, STG)#
#2026 09 20 03:02:26.928#Z#DEBUG#8469ec21-b49f-11f1-a367-eeee0a83654e.gestao-reembolso-db-deployer#flowable-async-job-executor-thread-42023#
[PollExecuteTaskStatusExecution] 28eee1c0-1006-4225-bf57-a2fdb7dae99f [2026-09-20T03:01:47.607511] NPM_CONFIG_LOGLEVEL=error (STDOUT, STG)#
#2026 09 20 03:02:26.928#Z#DEBUG#8469ec21-b49f-11f1-a367-eeee0a83654e.gestao-reembolso-db-deployer#flowable-async-job-executor-thread-42023#
[PollExecuteTaskStatusExecution] 28eee1c0-1006-4225-bf57-a2fdb7dae99f [2026-09-20T03:01:47.607513] NPM_CONFIG_PRODUCTION=true (STDOUT, STG)#
#2026 09 20 03:02:26.928#Z#DEBUG#8469ec21-b49f-11f1-a367-eeee0a83654e.gestao-reembolso-db-deployer#flowable-async-job-executor-thread-42023#
[PollExecuteTaskStatusExecution] 28eee1c0-1006-4225-bf57-a2fdb7dae99f [2026-09-20T03:01:47.607531] -----> Building dependencies (STDOUT, STG)#
#2026 09 20 03:02:26.928#Z#DEBUG#8469ec21-b49f-11f1-a367-eeee0a83654e.gestao-reembolso-db-deployer#flowable-async-job-executor-thread-42023#
[PollExecuteTaskStatusExecution] 28eee1c0-1006-4225-bf57-a2fdb7dae99f [2026-09-20T03:01:47.607539] Prebuild detected (node_modules already exists) (STDOUT, STG)#
#2026 09 20 03:02:26.928#Z#DEBUG#8469ec21-b49f-11f1-a367-eeee0a83654e.gestao-reembolso-db-deployer#flowable-async-job-executor-thread-42023#
[PollExecuteTaskStatusExecution] 28eee1c0-1006-4225-bf57-a2fdb7dae99f [2026-09-20T03:01:47.607544] Rebuilding any native modules (STDOUT, STG)#
#2026 09 20 03:02:26.928#Z#DEBUG#8469ec21-b49f-11f1-a367-eeee0a83654e.gestao-reembolso-db-deployer#flowable-async-job-executor-thread-42023#
[PollExecuteTaskStatusExecution] 28eee1c0-1006-4225-bf57-a2fdb7dae99f [2026-09-20T03:01:48.655479] rebuilt dependencies successfully (STDOUT, STG)#
#2026 09 20 03:02:26.928#Z#DEBUG#8469ec21-b49f-11f1-a367-eeee0a83654e.gestao-reembolso-db-deployer#flowable-async-job-executor-thread-42023#
[PollExecuteTaskStatusExecution] 28eee1c0-1006-4225-bf57-a2fdb7dae99f [2026-09-20T03:01:48.656569] npm notice (STDOUT, STG)#
#2026 09 20 03:02:26.928#Z#DEBUG#8469ec21-b49f-11f1-a367-eeee0a83654e.gestao-reembolso-db-deployer#flowable-async-job-executor-thread-42023#
[PollExecuteTaskStatusExecution] 28eee1c0-1006-4225-bf57-a2fdb7dae99f [2026-09-20T03:01:48.656591] npm notice New major version of npm available! 10.9.8 -> 12.0.2 (STDOUT, STG)#
#2026 09 20 03:02:26.928#Z#DEBUG#8469ec21-b49f-11f1-a367-eeee0a83654e.gestao-reembolso-db-deployer#flowable-async-job-executor-thread-42023#
[PollExecuteTaskStatusExecution] 28eee1c0-1006-4225-bf57-a2fdb7dae99f [2026-09-20T03:01:48.656596] npm notice Changelog: https://github.com/npm/cli/releases/tag/v12.0.2 (STDOUT, STG)#
#2026 09 20 03:02:26.928#Z#DEBUG#8469ec21-b49f-11f1-a367-eeee0a83654e.gestao-reembolso-db-deployer#flowable-async-job-executor-thread-42023#
[PollExecuteTaskStatusExecution] 28eee1c0-1006-4225-bf57-a2fdb7dae99f [2026-09-20T03:01:48.656598] npm notice To update run: npm install -g npm@12.0.2 (STDOUT, STG)#
#2026 09 20 03:02:26.928#Z#DEBUG#8469ec21-b49f-11f1-a367-eeee0a83654e.gestao-reembolso-db-deployer#flowable-async-job-executor-thread-42023#
[PollExecuteTaskStatusExecution] 28eee1c0-1006-4225-bf57-a2fdb7dae99f [2026-09-20T03:01:48.656600] npm notice (STDOUT, STG)#
#2026 09 20 03:02:26.928#Z#DEBUG#8469ec21-b49f-11f1-a367-eeee0a83654e.gestao-reembolso-db-deployer#flowable-async-job-executor-thread-42023#
[PollExecuteTaskStatusExecution] 28eee1c0-1006-4225-bf57-a2fdb7dae99f [2026-09-20T03:01:48.727281] Installing any new modules (package.json + package-lock.json) (STDOUT, STG)#
#2026 09 20 03:02:26.928#Z#DEBUG#8469ec21-b49f-11f1-a367-eeee0a83654e.gestao-reembolso-db-deployer#flowable-async-job-executor-thread-42023#
[PollExecuteTaskStatusExecution] 28eee1c0-1006-4225-bf57-a2fdb7dae99f [2026-09-20T03:01:49.225147] up to date in 415ms (STDOUT, STG)#
#2026 09 20 03:02:26.928#Z#DEBUG#8469ec21-b49f-11f1-a367-eeee0a83654e.gestao-reembolso-db-deployer#flowable-async-job-executor-thread-42023#
[PollExecuteTaskStatusExecution] 28eee1c0-1006-4225-bf57-a2fdb7dae99f [2026-09-20T03:01:49.225180] 3 packages are looking for funding (STDOUT, STG)#
#2026 09 20 03:02:26.928#Z#DEBUG#8469ec21-b49f-11f1-a367-eeee0a83654e.gestao-reembolso-db-deployer#flowable-async-job-executor-thread-42023#
[PollExecuteTaskStatusExecution] 28eee1c0-1006-4225-bf57-a2fdb7dae99f [2026-09-20T03:01:49.225190] run `npm fund` for details (STDOUT, STG)#
#2026 09 20 03:02:26.928#Z#DEBUG#8469ec21-b49f-11f1-a367-eeee0a83654e.gestao-reembolso-db-deployer#flowable-async-job-executor-thread-42023#
[PollExecuteTaskStatusExecution] 28eee1c0-1006-4225-bf57-a2fdb7dae99f [2026-09-20T03:01:49.961024] Contrast Security no credentials found. Will not write environment files. (STDOUT, STG)#
#2026 09 20 03:02:26.928#Z#DEBUG#8469ec21-b49f-11f1-a367-eeee0a83654e.gestao-reembolso-db-deployer#flowable-async-job-executor-thread-42023#
[PollExecuteTaskStatusExecution] 28eee1c0-1006-4225-bf57-a2fdb7dae99f [2026-09-20T03:02:04.306216] Exit status 0 (STDOUT, STG)#
#2026 09 20 03:02:26.928#Z#DEBUG#8469ec21-b49f-11f1-a367-eeee0a83654e.gestao-reembolso-db-deployer#flowable-async-job-executor-thread-42023#
[PollExecuteTaskStatusExecution] 28eee1c0-1006-4225-bf57-a2fdb7dae99f [2026-09-20T03:02:04.306267] Uploading droplet, build artifacts cache... (STDOUT, STG)#
#2026 09 20 03:02:26.928#Z#DEBUG#8469ec21-b49f-11f1-a367-eeee0a83654e.gestao-reembolso-db-deployer#flowable-async-job-executor-thread-42023#
[PollExecuteTaskStatusExecution] 28eee1c0-1006-4225-bf57-a2fdb7dae99f [2026-09-20T03:02:04.306307] Uploading droplet... (STDOUT, STG)#
#2026 09 20 03:02:26.928#Z#DEBUG#8469ec21-b49f-11f1-a367-eeee0a83654e.gestao-reembolso-db-deployer#flowable-async-job-executor-thread-42023#
[PollExecuteTaskStatusExecution] 28eee1c0-1006-4225-bf57-a2fdb7dae99f [2026-09-20T03:02:04.306351] Uploading build artifacts cache... (STDOUT, STG)#
#2026 09 20 03:02:26.928#Z#DEBUG#8469ec21-b49f-11f1-a367-eeee0a83654e.gestao-reembolso-db-deployer#flowable-async-job-executor-thread-42023#
[PollExecuteTaskStatusExecution] 28eee1c0-1006-4225-bf57-a2fdb7dae99f [2026-09-20T03:02:04.797166] Uploaded build artifacts cache (40.2M) (STDOUT, STG)#
#2026 09 20 03:02:26.928#Z#DEBUG#8469ec21-b49f-11f1-a367-eeee0a83654e.gestao-reembolso-db-deployer#flowable-async-job-executor-thread-42023#
[PollExecuteTaskStatusExecution] 28eee1c0-1006-4225-bf57-a2fdb7dae99f [2026-09-20T03:02:05.383269] Creating droplet for app with guid 28eee1c0-1006-4225-bf57-a2fdb7dae99f (STDOUT, API)#
#2026 09 20 03:02:26.928#Z#DEBUG#8469ec21-b49f-11f1-a367-eeee0a83654e.gestao-reembolso-db-deployer#flowable-async-job-executor-thread-42023#
[PollExecuteTaskStatusExecution] 28eee1c0-1006-4225-bf57-a2fdb7dae99f [2026-09-20T03:02:08.483483] Uploaded droplet (96.8M) (STDOUT, STG)#
#2026 09 20 03:02:26.928#Z#DEBUG#8469ec21-b49f-11f1-a367-eeee0a83654e.gestao-reembolso-db-deployer#flowable-async-job-executor-thread-42023#
[PollExecuteTaskStatusExecution] 28eee1c0-1006-4225-bf57-a2fdb7dae99f [2026-09-20T03:02:08.533189] Uploading complete (STDOUT, STG)#
#2026 09 20 03:02:26.928#Z#DEBUG#8469ec21-b49f-11f1-a367-eeee0a83654e.gestao-reembolso-db-deployer#flowable-async-job-executor-thread-42023#
[PollExecuteTaskStatusExecution] 28eee1c0-1006-4225-bf57-a2fdb7dae99f [2026-09-20T03:02:08.860567] Cell c839c7b1-088e-41af-b9b7-66256aacd457 stopping instance 09d97b9b-72fc-4777-951a-b60c842a0f58 (STDOUT, STG)#
#2026 09 20 03:02:26.928#Z#DEBUG#8469ec21-b49f-11f1-a367-eeee0a83654e.gestao-reembolso-db-deployer#flowable-async-job-executor-thread-42023#
[PollExecuteTaskStatusExecution] 28eee1c0-1006-4225-bf57-a2fdb7dae99f [2026-09-20T03:02:08.860606] Cell c839c7b1-088e-41af-b9b7-66256aacd457 destroying container for instance 09d97b9b-72fc-4777-951a-b60c842a0f58 (STDOUT, STG)#
#2026 09 20 03:02:26.928#Z#DEBUG#8469ec21-b49f-11f1-a367-eeee0a83654e.gestao-reembolso-db-deployer#flowable-async-job-executor-thread-42023#
[PollExecuteTaskStatusExecution] 28eee1c0-1006-4225-bf57-a2fdb7dae99f [2026-09-20T03:02:08.910632] Staging complete for build 09d97b9b-72fc-4777-951a-b60c842a0f58 (STDOUT, API)#
#2026 09 20 03:02:26.928#Z#DEBUG#8469ec21-b49f-11f1-a367-eeee0a83654e.gestao-reembolso-db-deployer#flowable-async-job-executor-thread-42023#
[PollExecuteTaskStatusExecution] 28eee1c0-1006-4225-bf57-a2fdb7dae99f [2026-09-20T03:02:10.299254] Cell c839c7b1-088e-41af-b9b7-66256aacd457 successfully destroyed container for instance 09d97b9b-72fc-4777-951a-b60c842a0f58 (STDOUT, STG)#
#2026 09 20 03:02:26.928#Z#DEBUG#8469ec21-b49f-11f1-a367-eeee0a83654e.gestao-reembolso-db-deployer#flowable-async-job-executor-thread-42023#
[PollExecuteTaskStatusExecution] 28eee1c0-1006-4225-bf57-a2fdb7dae99f [2026-09-20T03:02:16.942432] Updated app with guid 28eee1c0-1006-4225-bf57-a2fdb7dae99f ({:droplet_guid=>"fa962ba1-6160-4496-92f0-2b3c77d935a6"}) (STDOUT, API)#
#2026 09 20 03:02:26.928#Z#DEBUG#8469ec21-b49f-11f1-a367-eeee0a83654e.gestao-reembolso-db-deployer#flowable-async-job-executor-thread-42023#
[PollExecuteTaskStatusExecution] 28eee1c0-1006-4225-bf57-a2fdb7dae99f [2026-09-20T03:02:17.444060] Cell 684caff8-89cd-492b-be01-b3d0835f1763 creating container for instance ae7a537a-3e75-4f9c-9c9f-6e29ce0f7dd1 (STDOUT, CELL)#
#2026 09 20 03:02:26.928#Z#DEBUG#8469ec21-b49f-11f1-a367-eeee0a83654e.gestao-reembolso-db-deployer#flowable-async-job-executor-thread-42023#
[PollExecuteTaskStatusExecution] 28eee1c0-1006-4225-bf57-a2fdb7dae99f [2026-09-20T03:02:17.882734] Security group rules were updated (STDOUT, CELL)#
#2026 09 20 03:02:26.928#Z#DEBUG#8469ec21-b49f-11f1-a367-eeee0a83654e.gestao-reembolso-db-deployer#flowable-async-job-executor-thread-42023#
[PollExecuteTaskStatusExecution] 28eee1c0-1006-4225-bf57-a2fdb7dae99f [2026-09-20T03:02:17.915310] Cell 684caff8-89cd-492b-be01-b3d0835f1763 successfully created container for instance ae7a537a-3e75-4f9c-9c9f-6e29ce0f7dd1 (STDOUT, CELL)#
#2026 09 20 03:02:26.928#Z#DEBUG#8469ec21-b49f-11f1-a367-eeee0a83654e.gestao-reembolso-db-deployer#flowable-async-job-executor-thread-42023#
[PollExecuteTaskStatusExecution] 28eee1c0-1006-4225-bf57-a2fdb7dae99f [2026-09-20T03:02:22.618960] Invoking pre-start scripts. (STDOUT, APP/TASK/deploy)#
#2026 09 20 03:02:26.928#Z#DEBUG#8469ec21-b49f-11f1-a367-eeee0a83654e.gestao-reembolso-db-deployer#flowable-async-job-executor-thread-42023#
[PollExecuteTaskStatusExecution] 28eee1c0-1006-4225-bf57-a2fdb7dae99f [2026-09-20T03:02:22.820323] Invoking start command. (STDOUT, APP/TASK/deploy)#
#2026 09 20 03:02:26.928#Z#DEBUG#8469ec21-b49f-11f1-a367-eeee0a83654e.gestao-reembolso-db-deployer#flowable-async-job-executor-thread-42023#
[PollExecuteTaskStatusExecution] 28eee1c0-1006-4225-bf57-a2fdb7dae99f [2026-09-20T03:02:23.301942] > gestao-reembolso-db@1.0.0 start (STDOUT, APP/TASK/deploy)#
#2026 09 20 03:02:26.928#Z#DEBUG#8469ec21-b49f-11f1-a367-eeee0a83654e.gestao-reembolso-db-deployer#flowable-async-job-executor-thread-42023#
[PollExecuteTaskStatusExecution] 28eee1c0-1006-4225-bf57-a2fdb7dae99f [2026-09-20T03:02:23.301973] > node node_modules/@sap/hdi-deploy/deploy.js (STDOUT, APP/TASK/deploy)#
#2026 09 20 03:02:26.928#Z#DEBUG#8469ec21-b49f-11f1-a367-eeee0a83654e.gestao-reembolso-db-deployer#flowable-async-job-executor-thread-42023#
[PollExecuteTaskStatusExecution] 28eee1c0-1006-4225-bf57-a2fdb7dae99f [2026-09-20T03:02:23.443246] VCAP_SERVICES: (STDOUT, APP/TASK/deploy)#
#2026 09 20 03:02:26.928#Z#DEBUG#8469ec21-b49f-11f1-a367-eeee0a83654e.gestao-reembolso-db-deployer#flowable-async-job-executor-thread-42023#
[PollExecuteTaskStatusExecution] 28eee1c0-1006-4225-bf57-a2fdb7dae99f [2026-09-20T03:02:23.443764] { (STDOUT, APP/TASK/deploy)#
#2026 09 20 03:02:26.928#Z#DEBUG#8469ec21-b49f-11f1-a367-eeee0a83654e.gestao-reembolso-db-deployer#flowable-async-job-executor-thread-42023#
[PollExecuteTaskStatusExecution] 28eee1c0-1006-4225-bf57-a2fdb7dae99f [2026-09-20T03:02:23.443780] "hana": [ (STDOUT, APP/TASK/deploy)#
#2026 09 20 03:02:26.928#Z#DEBUG#8469ec21-b49f-11f1-a367-eeee0a83654e.gestao-reembolso-db-deployer#flowable-async-job-executor-thread-42023#
[PollExecuteTaskStatusExecution] 28eee1c0-1006-4225-bf57-a2fdb7dae99f [2026-09-20T03:02:23.443790] { (STDOUT, APP/TASK/deploy)#
#2026 09 20 03:02:26.928#Z#DEBUG#8469ec21-b49f-11f1-a367-eeee0a83654e.gestao-reembolso-db-deployer#flowable-async-job-executor-thread-42023#
[PollExecuteTaskStatusExecution] 28eee1c0-1006-4225-bf57-a2fdb7dae99f [2026-09-20T03:02:23.443794] "name": "gestao-reembolso-db", (STDOUT, APP/TASK/deploy)#
#2026 09 20 03:02:26.928#Z#DEBUG#8469ec21-b49f-11f1-a367-eeee0a83654e.gestao-reembolso-db-deployer#flowable-async-job-executor-thread-42023#
[PollExecuteTaskStatusExecution] 28eee1c0-1006-4225-bf57-a2fdb7dae99f [2026-09-20T03:02:23.443797] "label": "hana", (STDOUT, APP/TASK/deploy)#
#2026 09 20 03:02:26.928#Z#DEBUG#8469ec21-b49f-11f1-a367-eeee0a83654e.gestao-reembolso-db-deployer#flowable-async-job-executor-thread-42023#
[PollExecuteTaskStatusExecution] 28eee1c0-1006-4225-bf57-a2fdb7dae99f [2026-09-20T03:02:23.443800] "plan": "hdi-shared", (STDOUT, APP/TASK/deploy)#
#2026 09 20 03:02:26.928#Z#DEBUG#8469ec21-b49f-11f1-a367-eeee0a83654e.gestao-reembolso-db-deployer#flowable-async-job-executor-thread-42023#
[PollExecuteTaskStatusExecution] 28eee1c0-1006-4225-bf57-a2fdb7dae99f [2026-09-20T03:02:23.443803] "credentials": { (STDOUT, APP/TASK/deploy)#
#2026 09 20 03:02:26.928#Z#DEBUG#8469ec21-b49f-11f1-a367-eeee0a83654e.gestao-reembolso-db-deployer#flowable-async-job-executor-thread-42023#
[PollExecuteTaskStatusExecution] 28eee1c0-1006-4225-bf57-a2fdb7dae99f [2026-09-20T03:02:23.443806] "schema": "090EFF58E38844DE9A828FF6C9C62F6F", (STDOUT, APP/TASK/deploy)#
#2026 09 20 03:02:26.928#Z#DEBUG#8469ec21-b49f-11f1-a367-eeee0a83654e.gestao-reembolso-db-deployer#flowable-async-job-executor-thread-42023#
[PollExecuteTaskStatusExecution] 28eee1c0-1006-4225-bf57-a2fdb7dae99f [2026-09-20T03:02:23.443811] "database_id": "44255285-c6d5-4950-a80f-64ccb585f279", (STDOUT, APP/TASK/deploy)#
#2026 09 20 03:02:26.928#Z#DEBUG#8469ec21-b49f-11f1-a367-eeee0a83654e.gestao-reembolso-db-deployer#flowable-async-job-executor-thread-42023#
[PollExecuteTaskStatusExecution] 28eee1c0-1006-4225-bf57-a2fdb7dae99f [2026-09-20T03:02:23.443815] "user": "090EFF58E38844DE9A828FF6C9C62F6F_5F07PX88O43GFZWCE2IJIEBPO_RT", (STDOUT, APP/TASK/deploy)#
#2026 09 20 03:02:26.928#Z#DEBUG#8469ec21-b49f-11f1-a367-eeee0a83654e.gestao-reembolso-db-deployer#flowable-async-job-executor-thread-42023#
[PollExecuteTaskStatusExecution] 28eee1c0-1006-4225-bf57-a2fdb7dae99f [2026-09-20T03:02:23.443818] "hdi_user": "090EFF58E38844DE9A828FF6C9C62F6F_5F07PX88O43GFZWCE2IJIEBPO_DT" (STDOUT, APP/TASK/deploy)#
#2026 09 20 03:02:26.928#Z#DEBUG#8469ec21-b49f-11f1-a367-eeee0a83654e.gestao-reembolso-db-deployer#flowable-async-job-executor-thread-42023#
[PollExecuteTaskStatusExecution] 28eee1c0-1006-4225-bf57-a2fdb7dae99f [2026-09-20T03:02:23.443820] }, (STDOUT, APP/TASK/deploy)#
#2026 09 20 03:02:26.928#Z#DEBUG#8469ec21-b49f-11f1-a367-eeee0a83654e.gestao-reembolso-db-deployer#flowable-async-job-executor-thread-42023#
[PollExecuteTaskStatusExecution] 28eee1c0-1006-4225-bf57-a2fdb7dae99f [2026-09-20T03:02:23.443823] "tags": [ (STDOUT, APP/TASK/deploy)#
#2026 09 20 03:02:26.928#Z#DEBUG#8469ec21-b49f-11f1-a367-eeee0a83654e.gestao-reembolso-db-deployer#flowable-async-job-executor-thread-42023#
[PollExecuteTaskStatusExecution] 28eee1c0-1006-4225-bf57-a2fdb7dae99f [2026-09-20T03:02:23.443825] "hana", (STDOUT, APP/TASK/deploy)#
#2026 09 20 03:02:26.928#Z#DEBUG#8469ec21-b49f-11f1-a367-eeee0a83654e.gestao-reembolso-db-deployer#flowable-async-job-executor-thread-42023#
[PollExecuteTaskStatusExecution] 28eee1c0-1006-4225-bf57-a2fdb7dae99f [2026-09-20T03:02:23.443826] "database", (STDOUT, APP/TASK/deploy)#
#2026 09 20 03:02:26.928#Z#DEBUG#8469ec21-b49f-11f1-a367-eeee0a83654e.gestao-reembolso-db-deployer#flowable-async-job-executor-thread-42023#
[PollExecuteTaskStatusExecution] 28eee1c0-1006-4225-bf57-a2fdb7dae99f [2026-09-20T03:02:23.443828] "relational" (STDOUT, APP/TASK/deploy)#
#2026 09 20 03:02:26.928#Z#DEBUG#8469ec21-b49f-11f1-a367-eeee0a83654e.gestao-reembolso-db-deployer#flowable-async-job-executor-thread-42023#
[PollExecuteTaskStatusExecution] 28eee1c0-1006-4225-bf57-a2fdb7dae99f [2026-09-20T03:02:23.443831] ] (STDOUT, APP/TASK/deploy)#
#2026 09 20 03:02:26.928#Z#DEBUG#8469ec21-b49f-11f1-a367-eeee0a83654e.gestao-reembolso-db-deployer#flowable-async-job-executor-thread-42023#
[PollExecuteTaskStatusExecution] 28eee1c0-1006-4225-bf57-a2fdb7dae99f [2026-09-20T03:02:23.443832] } (STDOUT, APP/TASK/deploy)#
#2026 09 20 03:02:26.928#Z#DEBUG#8469ec21-b49f-11f1-a367-eeee0a83654e.gestao-reembolso-db-deployer#flowable-async-job-executor-thread-42023#
[PollExecuteTaskStatusExecution] 28eee1c0-1006-4225-bf57-a2fdb7dae99f [2026-09-20T03:02:23.443834] ] (STDOUT, APP/TASK/deploy)#
#2026 09 20 03:02:26.928#Z#DEBUG#8469ec21-b49f-11f1-a367-eeee0a83654e.gestao-reembolso-db-deployer#flowable-async-job-executor-thread-42023#
[PollExecuteTaskStatusExecution] 28eee1c0-1006-4225-bf57-a2fdb7dae99f [2026-09-20T03:02:23.443836] } (STDOUT, APP/TASK/deploy)#
#2026 09 20 03:02:37.148#Z#DEBUG#8469ec21-b49f-11f1-a367-eeee0a83654e.gestao-reembolso-db-deployer#flowable-async-job-executor-thread-70456#
[PollExecuteTaskStatusExecution] 28eee1c0-1006-4225-bf57-a2fdb7dae99f [2026-09-20T03:02:27.828867] @sap/hdi-deploy, version 5.7.0 (mode default), server version unknown (0.0.0.0), cloud version , node version 22.23.2, HDI version -1, container API version -1 (STDOUT, APP/TASK/deploy)#
#2026 09 20 03:02:37.148#Z#DEBUG#8469ec21-b49f-11f1-a367-eeee0a83654e.gestao-reembolso-db-deployer#flowable-async-job-executor-thread-70456#
[PollExecuteTaskStatusExecution] 28eee1c0-1006-4225-bf57-a2fdb7dae99f [2026-09-20T03:02:27.828895] Deployment started at 2026-09-20 03:02:27 (STDOUT, APP/TASK/deploy)#
#2026 09 20 03:02:37.148#Z#DEBUG#8469ec21-b49f-11f1-a367-eeee0a83654e.gestao-reembolso-db-deployer#flowable-async-job-executor-thread-70456#
[PollExecuteTaskStatusExecution] 28eee1c0-1006-4225-bf57-a2fdb7dae99f [2026-09-20T03:02:27.829169] Using @sap/hana-client@2.30.27 for connection (STDOUT, APP/TASK/deploy)#
#2026 09 20 03:02:37.148#Z#DEBUG#8469ec21-b49f-11f1-a367-eeee0a83654e.gestao-reembolso-db-deployer#flowable-async-job-executor-thread-70456#
[PollExecuteTaskStatusExecution] 28eee1c0-1006-4225-bf57-a2fdb7dae99f [2026-09-20T03:02:27.829191] Detection of server version failed; root cause: HANA Database instance is stopped (STDOUT, APP/TASK/deploy)#
#2026 09 20 03:02:37.148#Z#DEBUG#8469ec21-b49f-11f1-a367-eeee0a83654e.gestao-reembolso-db-deployer#flowable-async-job-executor-thread-70456#
[PollExecuteTaskStatusExecution] 28eee1c0-1006-4225-bf57-a2fdb7dae99f [2026-09-20T03:02:27.829194] Detection of cloud version failed; root cause: HANA Database instance is stopped (STDOUT, APP/TASK/deploy)#
#2026 09 20 03:02:37.148#Z#DEBUG#8469ec21-b49f-11f1-a367-eeee0a83654e.gestao-reembolso-db-deployer#flowable-async-job-executor-thread-70456#
[PollExecuteTaskStatusExecution] 28eee1c0-1006-4225-bf57-a2fdb7dae99f [2026-09-20T03:02:27.829220] Detection of container API version failed; root cause: HANA Database instance is stopped (STDOUT, APP/TASK/deploy)#
#2026 09 20 03:02:37.148#Z#DEBUG#8469ec21-b49f-11f1-a367-eeee0a83654e.gestao-reembolso-db-deployer#flowable-async-job-executor-thread-70456#
[PollExecuteTaskStatusExecution] 28eee1c0-1006-4225-bf57-a2fdb7dae99f [2026-09-20T03:02:27.829226] Detection of HDI version failed; root cause: HANA Database instance is stopped (STDOUT, APP/TASK/deploy)#
#2026 09 20 03:02:37.148#Z#DEBUG#8469ec21-b49f-11f1-a367-eeee0a83654e.gestao-reembolso-db-deployer#flowable-async-job-executor-thread-70456#
[PollExecuteTaskStatusExecution] 28eee1c0-1006-4225-bf57-a2fdb7dae99f [2026-09-20T03:02:27.829789] The server does not support live updating of make messages. The messages will be displayed, when the make is done. (STDOUT, APP/TASK/deploy)#
#2026 09 20 03:02:37.148#Z#DEBUG#8469ec21-b49f-11f1-a367-eeee0a83654e.gestao-reembolso-db-deployer#flowable-async-job-executor-thread-70456#
[PollExecuteTaskStatusExecution] 28eee1c0-1006-4225-bf57-a2fdb7dae99f [2026-09-20T03:02:27.850325] No ignore file at /home/vcap/app/.hdiignore. (STDOUT, APP/TASK/deploy)#
#2026 09 20 03:02:37.148#Z#DEBUG#8469ec21-b49f-11f1-a367-eeee0a83654e.gestao-reembolso-db-deployer#flowable-async-job-executor-thread-70456#
[PollExecuteTaskStatusExecution] 28eee1c0-1006-4225-bf57-a2fdb7dae99f [2026-09-20T03:02:27.850612] Collecting files... (STDOUT, APP/TASK/deploy)#
#2026 09 20 03:02:37.148#Z#DEBUG#8469ec21-b49f-11f1-a367-eeee0a83654e.gestao-reembolso-db-deployer#flowable-async-job-executor-thread-70456#
[PollExecuteTaskStatusExecution] 28eee1c0-1006-4225-bf57-a2fdb7dae99f [2026-09-20T03:02:27.854351] Collecting files... ok (0s 4ms) (STDOUT, APP/TASK/deploy)#
#2026 09 20 03:02:37.148#Z#DEBUG#8469ec21-b49f-11f1-a367-eeee0a83654e.gestao-reembolso-db-deployer#flowable-async-job-executor-thread-70456#
[PollExecuteTaskStatusExecution] 28eee1c0-1006-4225-bf57-a2fdb7dae99f [2026-09-20T03:02:27.854376] 3 directories collected (STDOUT, APP/TASK/deploy)#
#2026 09 20 03:02:37.148#Z#DEBUG#8469ec21-b49f-11f1-a367-eeee0a83654e.gestao-reembolso-db-deployer#flowable-async-job-executor-thread-70456#
[PollExecuteTaskStatusExecution] 28eee1c0-1006-4225-bf57-a2fdb7dae99f [2026-09-20T03:02:27.854379] 16 files collected (STDOUT, APP/TASK/deploy)#
#2026 09 20 03:02:37.148#Z#DEBUG#8469ec21-b49f-11f1-a367-eeee0a83654e.gestao-reembolso-db-deployer#flowable-async-job-executor-thread-70456#
[PollExecuteTaskStatusExecution] 28eee1c0-1006-4225-bf57-a2fdb7dae99f [2026-09-20T03:02:27.854382] 0 reusable modules collected (STDOUT, APP/TASK/deploy)#
#2026 09 20 03:02:37.148#Z#DEBUG#8469ec21-b49f-11f1-a367-eeee0a83654e.gestao-reembolso-db-deployer#flowable-async-job-executor-thread-70456#
[PollExecuteTaskStatusExecution] 28eee1c0-1006-4225-bf57-a2fdb7dae99f [2026-09-20T03:02:27.854404] Target service: gestao-reembolso-db (STDOUT, APP/TASK/deploy)#
#2026 09 20 03:02:37.148#Z#DEBUG#8469ec21-b49f-11f1-a367-eeee0a83654e.gestao-reembolso-db-deployer#flowable-async-job-executor-thread-70456#
[PollExecuteTaskStatusExecution] 28eee1c0-1006-4225-bf57-a2fdb7dae99f [2026-09-20T03:02:28.929802] Could not check if session variable APPLICATION is set correctly: HANA Database instance is stopped (STDERR, APP/TASK/deploy)#
#2026 09 20 03:02:37.148#Z#DEBUG#8469ec21-b49f-11f1-a367-eeee0a83654e.gestao-reembolso-db-deployer#flowable-async-job-executor-thread-70456#
[PollExecuteTaskStatusExecution] 28eee1c0-1006-4225-bf57-a2fdb7dae99f [2026-09-20T03:02:29.987638] Could not determine status of last build: HANA Database instance is stopped (STDOUT, APP/TASK/deploy)#
#2026 09 20 03:02:37.148#Z#DEBUG#8469ec21-b49f-11f1-a367-eeee0a83654e.gestao-reembolso-db-deployer#flowable-async-job-executor-thread-70456#
[PollExecuteTaskStatusExecution] 28eee1c0-1006-4225-bf57-a2fdb7dae99f [2026-09-20T03:02:29.987687] Processing revoke files... (STDOUT, APP/TASK/deploy)#
#2026 09 20 03:02:37.148#Z#DEBUG#8469ec21-b49f-11f1-a367-eeee0a83654e.gestao-reembolso-db-deployer#flowable-async-job-executor-thread-70456#
[PollExecuteTaskStatusExecution] 28eee1c0-1006-4225-bf57-a2fdb7dae99f [2026-09-20T03:02:29.987780] Processing revoke files... ok (0s 0ms) (STDOUT, APP/TASK/deploy)#
#2026 09 20 03:02:37.148#Z#DEBUG#8469ec21-b49f-11f1-a367-eeee0a83654e.gestao-reembolso-db-deployer#flowable-async-job-executor-thread-70456#
[PollExecuteTaskStatusExecution] 28eee1c0-1006-4225-bf57-a2fdb7dae99f [2026-09-20T03:02:29.987939] Processing grants files... (STDOUT, APP/TASK/deploy)#
#2026 09 20 03:02:37.148#Z#DEBUG#8469ec21-b49f-11f1-a367-eeee0a83654e.gestao-reembolso-db-deployer#flowable-async-job-executor-thread-70456#
[PollExecuteTaskStatusExecution] 28eee1c0-1006-4225-bf57-a2fdb7dae99f [2026-09-20T03:02:29.988035] Processing grants files... ok (0s 0ms) (STDOUT, APP/TASK/deploy)#
#2026 09 20 03:02:37.148#Z#DEBUG#8469ec21-b49f-11f1-a367-eeee0a83654e.gestao-reembolso-db-deployer#flowable-async-job-executor-thread-70456#
[PollExecuteTaskStatusExecution] 28eee1c0-1006-4225-bf57-a2fdb7dae99f [2026-09-20T03:02:29.990369] Preprocessing files... (STDOUT, APP/TASK/deploy)#
#2026 09 20 03:02:37.148#Z#DEBUG#8469ec21-b49f-11f1-a367-eeee0a83654e.gestao-reembolso-db-deployer#flowable-async-job-executor-thread-70456#
[PollExecuteTaskStatusExecution] 28eee1c0-1006-4225-bf57-a2fdb7dae99f [2026-09-20T03:02:29.990584] Preprocessing files... ok (0s 0ms) (STDOUT, APP/TASK/deploy)#
#2026 09 20 03:02:37.148#Z#DEBUG#8469ec21-b49f-11f1-a367-eeee0a83654e.gestao-reembolso-db-deployer#flowable-async-job-executor-thread-70456#
[PollExecuteTaskStatusExecution] 28eee1c0-1006-4225-bf57-a2fdb7dae99f [2026-09-20T03:02:29.990778] Connecting to the container "090EFF58E38844DE9A828FF6C9C62F6F"... (STDOUT, APP/TASK/deploy)#
#2026 09 20 03:02:37.148#Z#DEBUG#8469ec21-b49f-11f1-a367-eeee0a83654e.gestao-reembolso-db-deployer#flowable-async-job-executor-thread-70456#
[PollExecuteTaskStatusExecution] 28eee1c0-1006-4225-bf57-a2fdb7dae99f [2026-09-20T03:02:31.049921] Deployment to container 090EFF58E38844DE9A828FF6C9C62F6F failed - error: HANA Database instance is stopped [Deployment ID: none]. (STDERR, APP/TASK/deploy)#
#2026 09 20 03:02:37.148#Z#DEBUG#8469ec21-b49f-11f1-a367-eeee0a83654e.gestao-reembolso-db-deployer#flowable-async-job-executor-thread-70456#
[PollExecuteTaskStatusExecution] 28eee1c0-1006-4225-bf57-a2fdb7dae99f [2026-09-20T03:02:31.050235] Error: HANA Database instance is stopped (STDERR, APP/TASK/deploy)#
#2026 09 20 03:02:37.148#Z#DEBUG#8469ec21-b49f-11f1-a367-eeee0a83654e.gestao-reembolso-db-deployer#flowable-async-job-executor-thread-70456#
[PollExecuteTaskStatusExecution] 28eee1c0-1006-4225-bf57-a2fdb7dae99f [2026-09-20T03:02:31.050235] Deployment ended at 2026-09-20 03:02:31 (STDOUT, APP/TASK/deploy)#
#2026 09 20 03:02:37.148#Z#DEBUG#8469ec21-b49f-11f1-a367-eeee0a83654e.gestao-reembolso-db-deployer#flowable-async-job-executor-thread-70456#
[PollExecuteTaskStatusExecution] 28eee1c0-1006-4225-bf57-a2fdb7dae99f [2026-09-20T03:02:31.050451] (7s 702ms) (STDOUT, APP/TASK/deploy)#
#2026 09 20 03:02:37.148#Z#DEBUG#8469ec21-b49f-11f1-a367-eeee0a83654e.gestao-reembolso-db-deployer#flowable-async-job-executor-thread-70456#
[PollExecuteTaskStatusExecution] 28eee1c0-1006-4225-bf57-a2fdb7dae99f [2026-09-20T03:02:31.066432] npm notice (STDERR, APP/TASK/deploy)#
#2026 09 20 03:02:37.148#Z#DEBUG#8469ec21-b49f-11f1-a367-eeee0a83654e.gestao-reembolso-db-deployer#flowable-async-job-executor-thread-70456#
[PollExecuteTaskStatusExecution] 28eee1c0-1006-4225-bf57-a2fdb7dae99f [2026-09-20T03:02:31.066460] npm notice New major version of npm available! 10.9.8 -> 12.0.2 (STDERR, APP/TASK/deploy)#
#2026 09 20 03:02:37.148#Z#DEBUG#8469ec21-b49f-11f1-a367-eeee0a83654e.gestao-reembolso-db-deployer#flowable-async-job-executor-thread-70456#
[PollExecuteTaskStatusExecution] 28eee1c0-1006-4225-bf57-a2fdb7dae99f [2026-09-20T03:02:31.066476] npm notice Changelog: https://github.com/npm/cli/releases/tag/v12.0.2 (STDERR, APP/TASK/deploy)#
#2026 09 20 03:02:37.148#Z#DEBUG#8469ec21-b49f-11f1-a367-eeee0a83654e.gestao-reembolso-db-deployer#flowable-async-job-executor-thread-70456#
[PollExecuteTaskStatusExecution] 28eee1c0-1006-4225-bf57-a2fdb7dae99f [2026-09-20T03:02:31.066479] npm notice To update run: npm install -g npm@12.0.2 (STDERR, APP/TASK/deploy)#
#2026 09 20 03:02:37.148#Z#DEBUG#8469ec21-b49f-11f1-a367-eeee0a83654e.gestao-reembolso-db-deployer#flowable-async-job-executor-thread-70456#
[PollExecuteTaskStatusExecution] 28eee1c0-1006-4225-bf57-a2fdb7dae99f [2026-09-20T03:02:31.066482] npm notice (STDERR, APP/TASK/deploy)#
#2026 09 20 03:02:37.148#Z#DEBUG#8469ec21-b49f-11f1-a367-eeee0a83654e.gestao-reembolso-db-deployer#flowable-async-job-executor-thread-70456#
[PollExecuteTaskStatusExecution] 28eee1c0-1006-4225-bf57-a2fdb7dae99f [2026-09-20T03:02:31.141614] Exit status 1 (STDOUT, APP/TASK/deploy)#
#2026 09 20 03:02:37.148#Z#DEBUG#8469ec21-b49f-11f1-a367-eeee0a83654e.gestao-reembolso-db-deployer#flowable-async-job-executor-thread-70456#
[PollExecuteTaskStatusExecution] 28eee1c0-1006-4225-bf57-a2fdb7dae99f [2026-09-20T03:02:32.644695] Cell 684caff8-89cd-492b-be01-b3d0835f1763 stopping instance ae7a537a-3e75-4f9c-9c9f-6e29ce0f7dd1 (STDOUT, CELL)#
#2026 09 20 03:02:37.148#Z#DEBUG#8469ec21-b49f-11f1-a367-eeee0a83654e.gestao-reembolso-db-deployer#flowable-async-job-executor-thread-70456#
[PollExecuteTaskStatusExecution] 28eee1c0-1006-4225-bf57-a2fdb7dae99f [2026-09-20T03:02:32.644740] Cell 684caff8-89cd-492b-be01-b3d0835f1763 destroying container for instance ae7a537a-3e75-4f9c-9c9f-6e29ce0f7dd1 (STDOUT, CELL)#
#2026 09 20 03:02:37.148#Z#DEBUG#8469ec21-b49f-11f1-a367-eeee0a83654e.gestao-reembolso-db-deployer#flowable-async-job-executor-thread-70456#
[PollExecuteTaskStatusExecution] 28eee1c0-1006-4225-bf57-a2fdb7dae99f [2026-09-20T03:02:33.923094] Cell 684caff8-89cd-492b-be01-b3d0835f1763 successfully destroyed container for instance ae7a537a-3e75-4f9c-9c9f-6e29ce0f7dd1 (STDOUT, CELL)#
#2026 09 20 03:02:57.006#Z#DEBUG#8469ec21-b49f-11f1-a367-eeee0a83654e.gestao-reembolso-db-deployer#flowable-async-job-executor-thread-42031#
[PollExecuteTaskStatusExecution] 28eee1c0-1006-4225-bf57-a2fdb7dae99f [2026-09-20T03:02:27.828867] @sap/hdi-deploy, version 5.7.0 (mode default), server version unknown (0.0.0.0), cloud version , node version 22.23.2, HDI version -1, container API version -1 (STDOUT, APP/TASK/deploy)#
#2026 09 20 03:02:57.006#Z#DEBUG#8469ec21-b49f-11f1-a367-eeee0a83654e.gestao-reembolso-db-deployer#flowable-async-job-executor-thread-42031#
[PollExecuteTaskStatusExecution] 28eee1c0-1006-4225-bf57-a2fdb7dae99f [2026-09-20T03:02:27.828895] Deployment started at 2026-09-20 03:02:27 (STDOUT, APP/TASK/deploy)#
#2026 09 20 03:02:57.006#Z#DEBUG#8469ec21-b49f-11f1-a367-eeee0a83654e.gestao-reembolso-db-deployer#flowable-async-job-executor-thread-42031#
[PollExecuteTaskStatusExecution] 28eee1c0-1006-4225-bf57-a2fdb7dae99f [2026-09-20T03:02:27.829169] Using @sap/hana-client@2.30.27 for connection (STDOUT, APP/TASK/deploy)#
#2026 09 20 03:02:57.006#Z#DEBUG#8469ec21-b49f-11f1-a367-eeee0a83654e.gestao-reembolso-db-deployer#flowable-async-job-executor-thread-42031#
[PollExecuteTaskStatusExecution] 28eee1c0-1006-4225-bf57-a2fdb7dae99f [2026-09-20T03:02:27.829191] Detection of server version failed; root cause: HANA Database instance is stopped (STDOUT, APP/TASK/deploy)#
#2026 09 20 03:02:57.006#Z#DEBUG#8469ec21-b49f-11f1-a367-eeee0a83654e.gestao-reembolso-db-deployer#flowable-async-job-executor-thread-42031#
[PollExecuteTaskStatusExecution] 28eee1c0-1006-4225-bf57-a2fdb7dae99f [2026-09-20T03:02:27.829194] Detection of cloud version failed; root cause: HANA Database instance is stopped (STDOUT, APP/TASK/deploy)#
#2026 09 20 03:02:57.006#Z#DEBUG#8469ec21-b49f-11f1-a367-eeee0a83654e.gestao-reembolso-db-deployer#flowable-async-job-executor-thread-42031#
[PollExecuteTaskStatusExecution] 28eee1c0-1006-4225-bf57-a2fdb7dae99f [2026-09-20T03:02:27.829220] Detection of container API version failed; root cause: HANA Database instance is stopped (STDOUT, APP/TASK/deploy)#
#2026 09 20 03:02:57.006#Z#DEBUG#8469ec21-b49f-11f1-a367-eeee0a83654e.gestao-reembolso-db-deployer#flowable-async-job-executor-thread-42031#
[PollExecuteTaskStatusExecution] 28eee1c0-1006-4225-bf57-a2fdb7dae99f [2026-09-20T03:02:27.829226] Detection of HDI version failed; root cause: HANA Database instance is stopped (STDOUT, APP/TASK/deploy)#
#2026 09 20 03:02:57.006#Z#DEBUG#8469ec21-b49f-11f1-a367-eeee0a83654e.gestao-reembolso-db-deployer#flowable-async-job-executor-thread-42031#
[PollExecuteTaskStatusExecution] 28eee1c0-1006-4225-bf57-a2fdb7dae99f [2026-09-20T03:02:27.829789] The server does not support live updating of make messages. The messages will be displayed, when the make is done. (STDOUT, APP/TASK/deploy)#
#2026 09 20 03:02:57.006#Z#DEBUG#8469ec21-b49f-11f1-a367-eeee0a83654e.gestao-reembolso-db-deployer#flowable-async-job-executor-thread-42031#
[PollExecuteTaskStatusExecution] 28eee1c0-1006-4225-bf57-a2fdb7dae99f [2026-09-20T03:02:27.850325] No ignore file at /home/vcap/app/.hdiignore. (STDOUT, APP/TASK/deploy)#
#2026 09 20 03:02:57.006#Z#DEBUG#8469ec21-b49f-11f1-a367-eeee0a83654e.gestao-reembolso-db-deployer#flowable-async-job-executor-thread-42031#
[PollExecuteTaskStatusExecution] 28eee1c0-1006-4225-bf57-a2fdb7dae99f [2026-09-20T03:02:27.850612] Collecting files... (STDOUT, APP/TASK/deploy)#
#2026 09 20 03:02:57.006#Z#DEBUG#8469ec21-b49f-11f1-a367-eeee0a83654e.gestao-reembolso-db-deployer#flowable-async-job-executor-thread-42031#
[PollExecuteTaskStatusExecution] 28eee1c0-1006-4225-bf57-a2fdb7dae99f [2026-09-20T03:02:27.854351] Collecting files... ok (0s 4ms) (STDOUT, APP/TASK/deploy)#
#2026 09 20 03:02:57.006#Z#DEBUG#8469ec21-b49f-11f1-a367-eeee0a83654e.gestao-reembolso-db-deployer#flowable-async-job-executor-thread-42031#
[PollExecuteTaskStatusExecution] 28eee1c0-1006-4225-bf57-a2fdb7dae99f [2026-09-20T03:02:27.854376] 3 directories collected (STDOUT, APP/TASK/deploy)#
#2026 09 20 03:02:57.006#Z#DEBUG#8469ec21-b49f-11f1-a367-eeee0a83654e.gestao-reembolso-db-deployer#flowable-async-job-executor-thread-42031#
[PollExecuteTaskStatusExecution] 28eee1c0-1006-4225-bf57-a2fdb7dae99f [2026-09-20T03:02:27.854379] 16 files collected (STDOUT, APP/TASK/deploy)#
#2026 09 20 03:02:57.006#Z#DEBUG#8469ec21-b49f-11f1-a367-eeee0a83654e.gestao-reembolso-db-deployer#flowable-async-job-executor-thread-42031#
[PollExecuteTaskStatusExecution] 28eee1c0-1006-4225-bf57-a2fdb7dae99f [2026-09-20T03:02:27.854382] 0 reusable modules collected (STDOUT, APP/TASK/deploy)#
#2026 09 20 03:02:57.006#Z#DEBUG#8469ec21-b49f-11f1-a367-eeee0a83654e.gestao-reembolso-db-deployer#flowable-async-job-executor-thread-42031#
[PollExecuteTaskStatusExecution] 28eee1c0-1006-4225-bf57-a2fdb7dae99f [2026-09-20T03:02:27.854404] Target service: gestao-reembolso-db (STDOUT, APP/TASK/deploy)#
#2026 09 20 03:02:57.006#Z#DEBUG#8469ec21-b49f-11f1-a367-eeee0a83654e.gestao-reembolso-db-deployer#flowable-async-job-executor-thread-42031#
[PollExecuteTaskStatusExecution] 28eee1c0-1006-4225-bf57-a2fdb7dae99f [2026-09-20T03:02:28.929802] Could not check if session variable APPLICATION is set correctly: HANA Database instance is stopped (STDERR, APP/TASK/deploy)#
#2026 09 20 03:02:57.006#Z#DEBUG#8469ec21-b49f-11f1-a367-eeee0a83654e.gestao-reembolso-db-deployer#flowable-async-job-executor-thread-42031#
[PollExecuteTaskStatusExecution] 28eee1c0-1006-4225-bf57-a2fdb7dae99f [2026-09-20T03:02:29.987638] Could not determine status of last build: HANA Database instance is stopped (STDOUT, APP/TASK/deploy)#
#2026 09 20 03:02:57.006#Z#DEBUG#8469ec21-b49f-11f1-a367-eeee0a83654e.gestao-reembolso-db-deployer#flowable-async-job-executor-thread-42031#
[PollExecuteTaskStatusExecution] 28eee1c0-1006-4225-bf57-a2fdb7dae99f [2026-09-20T03:02:29.987687] Processing revoke files... (STDOUT, APP/TASK/deploy)#
#2026 09 20 03:02:57.006#Z#DEBUG#8469ec21-b49f-11f1-a367-eeee0a83654e.gestao-reembolso-db-deployer#flowable-async-job-executor-thread-42031#
[PollExecuteTaskStatusExecution] 28eee1c0-1006-4225-bf57-a2fdb7dae99f [2026-09-20T03:02:29.987780] Processing revoke files... ok (0s 0ms) (STDOUT, APP/TASK/deploy)#
#2026 09 20 03:02:57.006#Z#DEBUG#8469ec21-b49f-11f1-a367-eeee0a83654e.gestao-reembolso-db-deployer#flowable-async-job-executor-thread-42031#
[PollExecuteTaskStatusExecution] 28eee1c0-1006-4225-bf57-a2fdb7dae99f [2026-09-20T03:02:29.987939] Processing grants files... (STDOUT, APP/TASK/deploy)#
#2026 09 20 03:02:57.006#Z#DEBUG#8469ec21-b49f-11f1-a367-eeee0a83654e.gestao-reembolso-db-deployer#flowable-async-job-executor-thread-42031#
[PollExecuteTaskStatusExecution] 28eee1c0-1006-4225-bf57-a2fdb7dae99f [2026-09-20T03:02:29.988035] Processing grants files... ok (0s 0ms) (STDOUT, APP/TASK/deploy)#
#2026 09 20 03:02:57.006#Z#DEBUG#8469ec21-b49f-11f1-a367-eeee0a83654e.gestao-reembolso-db-deployer#flowable-async-job-executor-thread-42031#
[PollExecuteTaskStatusExecution] 28eee1c0-1006-4225-bf57-a2fdb7dae99f [2026-09-20T03:02:29.990369] Preprocessing files... (STDOUT, APP/TASK/deploy)#
#2026 09 20 03:02:57.006#Z#DEBUG#8469ec21-b49f-11f1-a367-eeee0a83654e.gestao-reembolso-db-deployer#flowable-async-job-executor-thread-42031#
[PollExecuteTaskStatusExecution] 28eee1c0-1006-4225-bf57-a2fdb7dae99f [2026-09-20T03:02:29.990584] Preprocessing files... ok (0s 0ms) (STDOUT, APP/TASK/deploy)#
#2026 09 20 03:02:57.006#Z#DEBUG#8469ec21-b49f-11f1-a367-eeee0a83654e.gestao-reembolso-db-deployer#flowable-async-job-executor-thread-42031#
[PollExecuteTaskStatusExecution] 28eee1c0-1006-4225-bf57-a2fdb7dae99f [2026-09-20T03:02:29.990778] Connecting to the container "090EFF58E38844DE9A828FF6C9C62F6F"... (STDOUT, APP/TASK/deploy)#
#2026 09 20 03:02:57.006#Z#DEBUG#8469ec21-b49f-11f1-a367-eeee0a83654e.gestao-reembolso-db-deployer#flowable-async-job-executor-thread-42031#
[PollExecuteTaskStatusExecution] 28eee1c0-1006-4225-bf57-a2fdb7dae99f [2026-09-20T03:02:31.049921] Deployment to container 090EFF58E38844DE9A828FF6C9C62F6F failed - error: HANA Database instance is stopped [Deployment ID: none]. (STDERR, APP/TASK/deploy)#
#2026 09 20 03:02:57.006#Z#DEBUG#8469ec21-b49f-11f1-a367-eeee0a83654e.gestao-reembolso-db-deployer#flowable-async-job-executor-thread-42031#
[PollExecuteTaskStatusExecution] 28eee1c0-1006-4225-bf57-a2fdb7dae99f [2026-09-20T03:02:31.050235] Error: HANA Database instance is stopped (STDERR, APP/TASK/deploy)#
#2026 09 20 03:02:57.006#Z#DEBUG#8469ec21-b49f-11f1-a367-eeee0a83654e.gestao-reembolso-db-deployer#flowable-async-job-executor-thread-42031#
[PollExecuteTaskStatusExecution] 28eee1c0-1006-4225-bf57-a2fdb7dae99f [2026-09-20T03:02:31.050235] Deployment ended at 2026-09-20 03:02:31 (STDOUT, APP/TASK/deploy)#
#2026 09 20 03:02:57.006#Z#DEBUG#8469ec21-b49f-11f1-a367-eeee0a83654e.gestao-reembolso-db-deployer#flowable-async-job-executor-thread-42031#
[PollExecuteTaskStatusExecution] 28eee1c0-1006-4225-bf57-a2fdb7dae99f [2026-09-20T03:02:31.050451] (7s 702ms) (STDOUT, APP/TASK/deploy)#
#2026 09 20 03:02:57.006#Z#DEBUG#8469ec21-b49f-11f1-a367-eeee0a83654e.gestao-reembolso-db-deployer#flowable-async-job-executor-thread-42031#
[PollExecuteTaskStatusExecution] 28eee1c0-1006-4225-bf57-a2fdb7dae99f [2026-09-20T03:02:31.066432] npm notice (STDERR, APP/TASK/deploy)#
#2026 09 20 03:02:57.006#Z#DEBUG#8469ec21-b49f-11f1-a367-eeee0a83654e.gestao-reembolso-db-deployer#flowable-async-job-executor-thread-42031#
[PollExecuteTaskStatusExecution] 28eee1c0-1006-4225-bf57-a2fdb7dae99f [2026-09-20T03:02:31.066460] npm notice New major version of npm available! 10.9.8 -> 12.0.2 (STDERR, APP/TASK/deploy)#
#2026 09 20 03:02:57.006#Z#DEBUG#8469ec21-b49f-11f1-a367-eeee0a83654e.gestao-reembolso-db-deployer#flowable-async-job-executor-thread-42031#
[PollExecuteTaskStatusExecution] 28eee1c0-1006-4225-bf57-a2fdb7dae99f [2026-09-20T03:02:31.066476] npm notice Changelog: https://github.com/npm/cli/releases/tag/v12.0.2 (STDERR, APP/TASK/deploy)#
#2026 09 20 03:02:57.006#Z#DEBUG#8469ec21-b49f-11f1-a367-eeee0a83654e.gestao-reembolso-db-deployer#flowable-async-job-executor-thread-42031#
[PollExecuteTaskStatusExecution] 28eee1c0-1006-4225-bf57-a2fdb7dae99f [2026-09-20T03:02:31.066479] npm notice To update run: npm install -g npm@12.0.2 (STDERR, APP/TASK/deploy)#
#2026 09 20 03:02:57.006#Z#DEBUG#8469ec21-b49f-11f1-a367-eeee0a83654e.gestao-reembolso-db-deployer#flowable-async-job-executor-thread-42031#
[PollExecuteTaskStatusExecution] 28eee1c0-1006-4225-bf57-a2fdb7dae99f [2026-09-20T03:02:31.066482] npm notice (STDERR, APP/TASK/deploy)#
#2026 09 20 03:02:57.006#Z#DEBUG#8469ec21-b49f-11f1-a367-eeee0a83654e.gestao-reembolso-db-deployer#flowable-async-job-executor-thread-42031#
[PollExecuteTaskStatusExecution] 28eee1c0-1006-4225-bf57-a2fdb7dae99f [2026-09-20T03:02:31.141614] Exit status 1 (STDOUT, APP/TASK/deploy)#
#2026 09 20 03:02:57.006#Z#DEBUG#8469ec21-b49f-11f1-a367-eeee0a83654e.gestao-reembolso-db-deployer#flowable-async-job-executor-thread-42031#
[PollExecuteTaskStatusExecution] 28eee1c0-1006-4225-bf57-a2fdb7dae99f [2026-09-20T03:02:32.644695] Cell 684caff8-89cd-492b-be01-b3d0835f1763 stopping instance ae7a537a-3e75-4f9c-9c9f-6e29ce0f7dd1 (STDOUT, CELL)#
#2026 09 20 03:02:57.006#Z#DEBUG#8469ec21-b49f-11f1-a367-eeee0a83654e.gestao-reembolso-db-deployer#flowable-async-job-executor-thread-42031#
[PollExecuteTaskStatusExecution] 28eee1c0-1006-4225-bf57-a2fdb7dae99f [2026-09-20T03:02:32.644740] Cell 684caff8-89cd-492b-be01-b3d0835f1763 destroying container for instance ae7a537a-3e75-4f9c-9c9f-6e29ce0f7dd1 (STDOUT, CELL)#
#2026 09 20 03:02:57.006#Z#DEBUG#8469ec21-b49f-11f1-a367-eeee0a83654e.gestao-reembolso-db-deployer#flowable-async-job-executor-thread-42031#
[PollExecuteTaskStatusExecution] 28eee1c0-1006-4225-bf57-a2fdb7dae99f [2026-09-20T03:02:33.923094] Cell 684caff8-89cd-492b-be01-b3d0835f1763 successfully destroyed container for instance ae7a537a-3e75-4f9c-9c9f-6e29ce0f7dd1 (STDOUT, CELL)#
#2026 09 20 03:02:57.006#Z#DEBUG#8469ec21-b49f-11f1-a367-eeee0a83654e.gestao-reembolso-db-deployer#flowable-async-job-executor-thread-42031#
[PollExecuteTaskStatusExecution] 28eee1c0-1006-4225-bf57-a2fdb7dae99f [2026-09-20T03:02:44.924118] Cell c839c7b1-088e-41af-b9b7-66256aacd457 creating container for instance 9c9b92f2-58ac-4dd4-a50e-41db2168a608 (STDOUT, CELL)#
#2026 09 20 03:02:57.006#Z#DEBUG#8469ec21-b49f-11f1-a367-eeee0a83654e.gestao-reembolso-db-deployer#flowable-async-job-executor-thread-42031#
[PollExecuteTaskStatusExecution] 28eee1c0-1006-4225-bf57-a2fdb7dae99f [2026-09-20T03:02:45.354815] Security group rules were updated (STDOUT, CELL)#
#2026 09 20 03:02:57.006#Z#DEBUG#8469ec21-b49f-11f1-a367-eeee0a83654e.gestao-reembolso-db-deployer#flowable-async-job-executor-thread-42031#
[PollExecuteTaskStatusExecution] 28eee1c0-1006-4225-bf57-a2fdb7dae99f [2026-09-20T03:02:45.385544] Cell c839c7b1-088e-41af-b9b7-66256aacd457 successfully created container for instance 9c9b92f2-58ac-4dd4-a50e-41db2168a608 (STDOUT, CELL)#
#2026 09 20 03:02:57.006#Z#DEBUG#8469ec21-b49f-11f1-a367-eeee0a83654e.gestao-reembolso-db-deployer#flowable-async-job-executor-thread-42031#
[PollExecuteTaskStatusExecution] 28eee1c0-1006-4225-bf57-a2fdb7dae99f [2026-09-20T03:02:50.641373] Invoking pre-start scripts. (STDOUT, APP/TASK/deploy)#
#2026 09 20 03:02:57.006#Z#DEBUG#8469ec21-b49f-11f1-a367-eeee0a83654e.gestao-reembolso-db-deployer#flowable-async-job-executor-thread-42031#
[PollExecuteTaskStatusExecution] 28eee1c0-1006-4225-bf57-a2fdb7dae99f [2026-09-20T03:02:50.853602] Invoking start command. (STDOUT, APP/TASK/deploy)#
#2026 09 20 03:02:57.006#Z#DEBUG#8469ec21-b49f-11f1-a367-eeee0a83654e.gestao-reembolso-db-deployer#flowable-async-job-executor-thread-42031#
[PollExecuteTaskStatusExecution] 28eee1c0-1006-4225-bf57-a2fdb7dae99f [2026-09-20T03:02:51.276064] > gestao-reembolso-db@1.0.0 start (STDOUT, APP/TASK/deploy)#
#2026 09 20 03:02:57.006#Z#DEBUG#8469ec21-b49f-11f1-a367-eeee0a83654e.gestao-reembolso-db-deployer#flowable-async-job-executor-thread-42031#
[PollExecuteTaskStatusExecution] 28eee1c0-1006-4225-bf57-a2fdb7dae99f [2026-09-20T03:02:51.276091] > node node_modules/@sap/hdi-deploy/deploy.js (STDOUT, APP/TASK/deploy)#
#2026 09 20 03:02:57.006#Z#DEBUG#8469ec21-b49f-11f1-a367-eeee0a83654e.gestao-reembolso-db-deployer#flowable-async-job-executor-thread-42031#
[PollExecuteTaskStatusExecution] 28eee1c0-1006-4225-bf57-a2fdb7dae99f [2026-09-20T03:02:51.470459] VCAP_SERVICES: (STDOUT, APP/TASK/deploy)#
#2026 09 20 03:02:57.006#Z#DEBUG#8469ec21-b49f-11f1-a367-eeee0a83654e.gestao-reembolso-db-deployer#flowable-async-job-executor-thread-42031#
[PollExecuteTaskStatusExecution] 28eee1c0-1006-4225-bf57-a2fdb7dae99f [2026-09-20T03:02:51.471087] { (STDOUT, APP/TASK/deploy)#
#2026 09 20 03:02:57.006#Z#DEBUG#8469ec21-b49f-11f1-a367-eeee0a83654e.gestao-reembolso-db-deployer#flowable-async-job-executor-thread-42031#
[PollExecuteTaskStatusExecution] 28eee1c0-1006-4225-bf57-a2fdb7dae99f [2026-09-20T03:02:51.471136] "hana": [ (STDOUT, APP/TASK/deploy)#
#2026 09 20 03:02:57.006#Z#DEBUG#8469ec21-b49f-11f1-a367-eeee0a83654e.gestao-reembolso-db-deployer#flowable-async-job-executor-thread-42031#
[PollExecuteTaskStatusExecution] 28eee1c0-1006-4225-bf57-a2fdb7dae99f [2026-09-20T03:02:51.471140] { (STDOUT, APP/TASK/deploy)#
#2026 09 20 03:02:57.006#Z#DEBUG#8469ec21-b49f-11f1-a367-eeee0a83654e.gestao-reembolso-db-deployer#flowable-async-job-executor-thread-42031#
[PollExecuteTaskStatusExecution] 28eee1c0-1006-4225-bf57-a2fdb7dae99f [2026-09-20T03:02:51.471143] "name": "gestao-reembolso-db", (STDOUT, APP/TASK/deploy)#
#2026 09 20 03:02:57.006#Z#DEBUG#8469ec21-b49f-11f1-a367-eeee0a83654e.gestao-reembolso-db-deployer#flowable-async-job-executor-thread-42031#
[PollExecuteTaskStatusExecution] 28eee1c0-1006-4225-bf57-a2fdb7dae99f [2026-09-20T03:02:51.471146] "label": "hana", (STDOUT, APP/TASK/deploy)#
#2026 09 20 03:02:57.006#Z#DEBUG#8469ec21-b49f-11f1-a367-eeee0a83654e.gestao-reembolso-db-deployer#flowable-async-job-executor-thread-42031#
[PollExecuteTaskStatusExecution] 28eee1c0-1006-4225-bf57-a2fdb7dae99f [2026-09-20T03:02:51.471150] "plan": "hdi-shared", (STDOUT, APP/TASK/deploy)#
#2026 09 20 03:02:57.006#Z#DEBUG#8469ec21-b49f-11f1-a367-eeee0a83654e.gestao-reembolso-db-deployer#flowable-async-job-executor-thread-42031#
[PollExecuteTaskStatusExecution] 28eee1c0-1006-4225-bf57-a2fdb7dae99f [2026-09-20T03:02:51.471155] "credentials": { (STDOUT, APP/TASK/deploy)#
#2026 09 20 03:02:57.006#Z#DEBUG#8469ec21-b49f-11f1-a367-eeee0a83654e.gestao-reembolso-db-deployer#flowable-async-job-executor-thread-42031#
[PollExecuteTaskStatusExecution] 28eee1c0-1006-4225-bf57-a2fdb7dae99f [2026-09-20T03:02:51.471158] "schema": "090EFF58E38844DE9A828FF6C9C62F6F", (STDOUT, APP/TASK/deploy)#
#2026 09 20 03:02:57.006#Z#DEBUG#8469ec21-b49f-11f1-a367-eeee0a83654e.gestao-reembolso-db-deployer#flowable-async-job-executor-thread-42031#
[PollExecuteTaskStatusExecution] 28eee1c0-1006-4225-bf57-a2fdb7dae99f [2026-09-20T03:02:51.471160] "database_id": "44255285-c6d5-4950-a80f-64ccb585f279", (STDOUT, APP/TASK/deploy)#
#2026 09 20 03:02:57.006#Z#DEBUG#8469ec21-b49f-11f1-a367-eeee0a83654e.gestao-reembolso-db-deployer#flowable-async-job-executor-thread-42031#
[PollExecuteTaskStatusExecution] 28eee1c0-1006-4225-bf57-a2fdb7dae99f [2026-09-20T03:02:51.471163] "user": "090EFF58E38844DE9A828FF6C9C62F6F_5F07PX88O43GFZWCE2IJIEBPO_RT", (STDOUT, APP/TASK/deploy)#
#2026 09 20 03:02:57.006#Z#DEBUG#8469ec21-b49f-11f1-a367-eeee0a83654e.gestao-reembolso-db-deployer#flowable-async-job-executor-thread-42031#
[PollExecuteTaskStatusExecution] 28eee1c0-1006-4225-bf57-a2fdb7dae99f [2026-09-20T03:02:51.471167] "hdi_user": "090EFF58E38844DE9A828FF6C9C62F6F_5F07PX88O43GFZWCE2IJIEBPO_DT" (STDOUT, APP/TASK/deploy)#
#2026 09 20 03:02:57.006#Z#DEBUG#8469ec21-b49f-11f1-a367-eeee0a83654e.gestao-reembolso-db-deployer#flowable-async-job-executor-thread-42031#
[PollExecuteTaskStatusExecution] 28eee1c0-1006-4225-bf57-a2fdb7dae99f [2026-09-20T03:02:51.471168] }, (STDOUT, APP/TASK/deploy)#
#2026 09 20 03:02:57.006#Z#DEBUG#8469ec21-b49f-11f1-a367-eeee0a83654e.gestao-reembolso-db-deployer#flowable-async-job-executor-thread-42031#
[PollExecuteTaskStatusExecution] 28eee1c0-1006-4225-bf57-a2fdb7dae99f [2026-09-20T03:02:51.471172] "tags": [ (STDOUT, APP/TASK/deploy)#
#2026 09 20 03:02:57.006#Z#DEBUG#8469ec21-b49f-11f1-a367-eeee0a83654e.gestao-reembolso-db-deployer#flowable-async-job-executor-thread-42031#
[PollExecuteTaskStatusExecution] 28eee1c0-1006-4225-bf57-a2fdb7dae99f [2026-09-20T03:02:51.471174] "hana", (STDOUT, APP/TASK/deploy)#
#2026 09 20 03:02:57.006#Z#DEBUG#8469ec21-b49f-11f1-a367-eeee0a83654e.gestao-reembolso-db-deployer#flowable-async-job-executor-thread-42031#
[PollExecuteTaskStatusExecution] 28eee1c0-1006-4225-bf57-a2fdb7dae99f [2026-09-20T03:02:51.471176] "database", (STDOUT, APP/TASK/deploy)#
#2026 09 20 03:02:57.006#Z#DEBUG#8469ec21-b49f-11f1-a367-eeee0a83654e.gestao-reembolso-db-deployer#flowable-async-job-executor-thread-42031#
[PollExecuteTaskStatusExecution] 28eee1c0-1006-4225-bf57-a2fdb7dae99f [2026-09-20T03:02:51.471178] "relational" (STDOUT, APP/TASK/deploy)#
#2026 09 20 03:02:57.006#Z#DEBUG#8469ec21-b49f-11f1-a367-eeee0a83654e.gestao-reembolso-db-deployer#flowable-async-job-executor-thread-42031#
[PollExecuteTaskStatusExecution] 28eee1c0-1006-4225-bf57-a2fdb7dae99f [2026-09-20T03:02:51.471180] ] (STDOUT, APP/TASK/deploy)#
#2026 09 20 03:02:57.006#Z#DEBUG#8469ec21-b49f-11f1-a367-eeee0a83654e.gestao-reembolso-db-deployer#flowable-async-job-executor-thread-42031#
[PollExecuteTaskStatusExecution] 28eee1c0-1006-4225-bf57-a2fdb7dae99f [2026-09-20T03:02:51.471182] } (STDOUT, APP/TASK/deploy)#
#2026 09 20 03:02:57.006#Z#DEBUG#8469ec21-b49f-11f1-a367-eeee0a83654e.gestao-reembolso-db-deployer#flowable-async-job-executor-thread-42031#
[PollExecuteTaskStatusExecution] 28eee1c0-1006-4225-bf57-a2fdb7dae99f [2026-09-20T03:02:51.471184] ] (STDOUT, APP/TASK/deploy)#
#2026 09 20 03:02:57.006#Z#DEBUG#8469ec21-b49f-11f1-a367-eeee0a83654e.gestao-reembolso-db-deployer#flowable-async-job-executor-thread-42031#
[PollExecuteTaskStatusExecution] 28eee1c0-1006-4225-bf57-a2fdb7dae99f [2026-09-20T03:02:51.471186] } (STDOUT, APP/TASK/deploy)#
#2026 09 20 03:02:57.006#Z#DEBUG#8469ec21-b49f-11f1-a367-eeee0a83654e.gestao-reembolso-db-deployer#flowable-async-job-executor-thread-42031#
[PollExecuteTaskStatusExecution] 28eee1c0-1006-4225-bf57-a2fdb7dae99f [2026-09-20T03:02:56.421345] @sap/hdi-deploy, version 5.7.0 (mode default), server version unknown (0.0.0.0), cloud version , node version 22.23.2, HDI version -1, container API version -1 (STDOUT, APP/TASK/deploy)#
#2026 09 20 03:02:57.006#Z#DEBUG#8469ec21-b49f-11f1-a367-eeee0a83654e.gestao-reembolso-db-deployer#flowable-async-job-executor-thread-42031#
[PollExecuteTaskStatusExecution] 28eee1c0-1006-4225-bf57-a2fdb7dae99f [2026-09-20T03:02:56.421374] Deployment started at 2026-09-20 03:02:56 (STDOUT, APP/TASK/deploy)#
#2026 09 20 03:02:57.006#Z#DEBUG#8469ec21-b49f-11f1-a367-eeee0a83654e.gestao-reembolso-db-deployer#flowable-async-job-executor-thread-42031#
[PollExecuteTaskStatusExecution] 28eee1c0-1006-4225-bf57-a2fdb7dae99f [2026-09-20T03:02:56.421612] Using @sap/hana-client@2.30.27 for connection (STDOUT, APP/TASK/deploy)#
#2026 09 20 03:02:57.006#Z#DEBUG#8469ec21-b49f-11f1-a367-eeee0a83654e.gestao-reembolso-db-deployer#flowable-async-job-executor-thread-42031#
[PollExecuteTaskStatusExecution] 28eee1c0-1006-4225-bf57-a2fdb7dae99f [2026-09-20T03:02:56.421637] Detection of server version failed; root cause: HANA Database instance is stopped (STDOUT, APP/TASK/deploy)#
#2026 09 20 03:02:57.006#Z#DEBUG#8469ec21-b49f-11f1-a367-eeee0a83654e.gestao-reembolso-db-deployer#flowable-async-job-executor-thread-42031#
[PollExecuteTaskStatusExecution] 28eee1c0-1006-4225-bf57-a2fdb7dae99f [2026-09-20T03:02:56.421654] Detection of cloud version failed; root cause: HANA Database instance is stopped (STDOUT, APP/TASK/deploy)#
#2026 09 20 03:02:57.006#Z#DEBUG#8469ec21-b49f-11f1-a367-eeee0a83654e.gestao-reembolso-db-deployer#flowable-async-job-executor-thread-42031#
[PollExecuteTaskStatusExecution] 28eee1c0-1006-4225-bf57-a2fdb7dae99f [2026-09-20T03:02:56.421657] Detection of container API version failed; root cause: HANA Database instance is stopped (STDOUT, APP/TASK/deploy)#
#2026 09 20 03:02:57.006#Z#DEBUG#8469ec21-b49f-11f1-a367-eeee0a83654e.gestao-reembolso-db-deployer#flowable-async-job-executor-thread-42031#
[PollExecuteTaskStatusExecution] 28eee1c0-1006-4225-bf57-a2fdb7dae99f [2026-09-20T03:02:56.421659] Detection of HDI version failed; root cause: HANA Database instance is stopped (STDOUT, APP/TASK/deploy)#
#2026 09 20 03:02:57.006#Z#DEBUG#8469ec21-b49f-11f1-a367-eeee0a83654e.gestao-reembolso-db-deployer#flowable-async-job-executor-thread-42031#
[PollExecuteTaskStatusExecution] 28eee1c0-1006-4225-bf57-a2fdb7dae99f [2026-09-20T03:02:56.422312] The server does not support live updating of make messages. The messages will be displayed, when the make is done. (STDOUT, APP/TASK/deploy)#
#2026 09 20 03:02:57.006#Z#DEBUG#8469ec21-b49f-11f1-a367-eeee0a83654e.gestao-reembolso-db-deployer#flowable-async-job-executor-thread-42031#
[PollExecuteTaskStatusExecution] 28eee1c0-1006-4225-bf57-a2fdb7dae99f [2026-09-20T03:02:56.444280] No ignore file at /home/vcap/app/.hdiignore. (STDOUT, APP/TASK/deploy)#
#2026 09 20 03:02:57.006#Z#DEBUG#8469ec21-b49f-11f1-a367-eeee0a83654e.gestao-reembolso-db-deployer#flowable-async-job-executor-thread-42031#
[PollExecuteTaskStatusExecution] 28eee1c0-1006-4225-bf57-a2fdb7dae99f [2026-09-20T03:02:56.444598] Collecting files... (STDOUT, APP/TASK/deploy)#
#2026 09 20 03:02:57.006#Z#DEBUG#8469ec21-b49f-11f1-a367-eeee0a83654e.gestao-reembolso-db-deployer#flowable-async-job-executor-thread-42031#
[PollExecuteTaskStatusExecution] 28eee1c0-1006-4225-bf57-a2fdb7dae99f [2026-09-20T03:02:56.448443] Collecting files... ok (0s 4ms) (STDOUT, APP/TASK/deploy)#
#2026 09 20 03:02:57.006#Z#DEBUG#8469ec21-b49f-11f1-a367-eeee0a83654e.gestao-reembolso-db-deployer#flowable-async-job-executor-thread-42031#
[PollExecuteTaskStatusExecution] 28eee1c0-1006-4225-bf57-a2fdb7dae99f [2026-09-20T03:02:56.448461] 3 directories collected (STDOUT, APP/TASK/deploy)#
#2026 09 20 03:02:57.006#Z#DEBUG#8469ec21-b49f-11f1-a367-eeee0a83654e.gestao-reembolso-db-deployer#flowable-async-job-executor-thread-42031#
[PollExecuteTaskStatusExecution] 28eee1c0-1006-4225-bf57-a2fdb7dae99f [2026-09-20T03:02:56.448463] 16 files collected (STDOUT, APP/TASK/deploy)#
#2026 09 20 03:02:57.006#Z#DEBUG#8469ec21-b49f-11f1-a367-eeee0a83654e.gestao-reembolso-db-deployer#flowable-async-job-executor-thread-42031#
[PollExecuteTaskStatusExecution] 28eee1c0-1006-4225-bf57-a2fdb7dae99f [2026-09-20T03:02:56.448466] 0 reusable modules collected (STDOUT, APP/TASK/deploy)#
#2026 09 20 03:02:57.006#Z#DEBUG#8469ec21-b49f-11f1-a367-eeee0a83654e.gestao-reembolso-db-deployer#flowable-async-job-executor-thread-42031#
[PollExecuteTaskStatusExecution] 28eee1c0-1006-4225-bf57-a2fdb7dae99f [2026-09-20T03:02:56.448470] Target service: gestao-reembolso-db (STDOUT, APP/TASK/deploy)#
#2026 09 20 03:03:07.022#Z#DEBUG#8469ec21-b49f-11f1-a367-eeee0a83654e.gestao-reembolso-db-deployer#flowable-async-job-executor-thread-32896#
[PollExecuteTaskStatusExecution] 28eee1c0-1006-4225-bf57-a2fdb7dae99f [2026-09-20T03:02:57.714030] Could not check if session variable APPLICATION is set correctly: HANA Database instance is stopped (STDERR, APP/TASK/deploy)#
#2026 09 20 03:03:07.022#Z#DEBUG#8469ec21-b49f-11f1-a367-eeee0a83654e.gestao-reembolso-db-deployer#flowable-async-job-executor-thread-32896#
[PollExecuteTaskStatusExecution] 28eee1c0-1006-4225-bf57-a2fdb7dae99f [2026-09-20T03:02:58.929379] Could not determine status of last build: HANA Database instance is stopped (STDOUT, APP/TASK/deploy)#
#2026 09 20 03:03:07.022#Z#DEBUG#8469ec21-b49f-11f1-a367-eeee0a83654e.gestao-reembolso-db-deployer#flowable-async-job-executor-thread-32896#
[PollExecuteTaskStatusExecution] 28eee1c0-1006-4225-bf57-a2fdb7dae99f [2026-09-20T03:02:58.929415] Processing revoke files... (STDOUT, APP/TASK/deploy)#
#2026 09 20 03:03:07.022#Z#DEBUG#8469ec21-b49f-11f1-a367-eeee0a83654e.gestao-reembolso-db-deployer#flowable-async-job-executor-thread-32896#
[PollExecuteTaskStatusExecution] 28eee1c0-1006-4225-bf57-a2fdb7dae99f [2026-09-20T03:02:58.929431] Processing revoke files... ok (0s 0ms) (STDOUT, APP/TASK/deploy)#
#2026 09 20 03:03:07.022#Z#DEBUG#8469ec21-b49f-11f1-a367-eeee0a83654e.gestao-reembolso-db-deployer#flowable-async-job-executor-thread-32896#
[PollExecuteTaskStatusExecution] 28eee1c0-1006-4225-bf57-a2fdb7dae99f [2026-09-20T03:02:58.929706] Processing grants files... (STDOUT, APP/TASK/deploy)#
#2026 09 20 03:03:07.022#Z#DEBUG#8469ec21-b49f-11f1-a367-eeee0a83654e.gestao-reembolso-db-deployer#flowable-async-job-executor-thread-32896#
[PollExecuteTaskStatusExecution] 28eee1c0-1006-4225-bf57-a2fdb7dae99f [2026-09-20T03:02:58.929740] Processing grants files... ok (0s 0ms) (STDOUT, APP/TASK/deploy)#
#2026 09 20 03:03:07.022#Z#DEBUG#8469ec21-b49f-11f1-a367-eeee0a83654e.gestao-reembolso-db-deployer#flowable-async-job-executor-thread-32896#
[PollExecuteTaskStatusExecution] 28eee1c0-1006-4225-bf57-a2fdb7dae99f [2026-09-20T03:02:58.932933] Preprocessing files... (STDOUT, APP/TASK/deploy)#
#2026 09 20 03:03:07.022#Z#DEBUG#8469ec21-b49f-11f1-a367-eeee0a83654e.gestao-reembolso-db-deployer#flowable-async-job-executor-thread-32896#
[PollExecuteTaskStatusExecution] 28eee1c0-1006-4225-bf57-a2fdb7dae99f [2026-09-20T03:02:58.933670] Preprocessing files... ok (0s 0ms) (STDOUT, APP/TASK/deploy)#
#2026 09 20 03:03:07.022#Z#DEBUG#8469ec21-b49f-11f1-a367-eeee0a83654e.gestao-reembolso-db-deployer#flowable-async-job-executor-thread-32896#
[PollExecuteTaskStatusExecution] 28eee1c0-1006-4225-bf57-a2fdb7dae99f [2026-09-20T03:02:58.933704] Connecting to the container "090EFF58E38844DE9A828FF6C9C62F6F"... (STDOUT, APP/TASK/deploy)#
#2026 09 20 03:03:07.022#Z#DEBUG#8469ec21-b49f-11f1-a367-eeee0a83654e.gestao-reembolso-db-deployer#flowable-async-job-executor-thread-32896#
[PollExecuteTaskStatusExecution] 28eee1c0-1006-4225-bf57-a2fdb7dae99f [2026-09-20T03:03:00.442484] Deployment ended at 2026-09-20 03:03:00 (STDOUT, APP/TASK/deploy)#
#2026 09 20 03:03:07.022#Z#DEBUG#8469ec21-b49f-11f1-a367-eeee0a83654e.gestao-reembolso-db-deployer#flowable-async-job-executor-thread-32896#
[PollExecuteTaskStatusExecution] 28eee1c0-1006-4225-bf57-a2fdb7dae99f [2026-09-20T03:03:00.442529] (9s 118ms) (STDOUT, APP/TASK/deploy)#
#2026 09 20 03:03:07.022#Z#DEBUG#8469ec21-b49f-11f1-a367-eeee0a83654e.gestao-reembolso-db-deployer#flowable-async-job-executor-thread-32896#
[PollExecuteTaskStatusExecution] 28eee1c0-1006-4225-bf57-a2fdb7dae99f [2026-09-20T03:03:00.442588] Deployment to container 090EFF58E38844DE9A828FF6C9C62F6F failed - error: HANA Database instance is stopped [Deployment ID: none]. (STDERR, APP/TASK/deploy)#
#2026 09 20 03:03:07.022#Z#DEBUG#8469ec21-b49f-11f1-a367-eeee0a83654e.gestao-reembolso-db-deployer#flowable-async-job-executor-thread-32896#
[PollExecuteTaskStatusExecution] 28eee1c0-1006-4225-bf57-a2fdb7dae99f [2026-09-20T03:03:00.442615] Error: HANA Database instance is stopped (STDERR, APP/TASK/deploy)#
#2026 09 20 03:03:07.022#Z#DEBUG#8469ec21-b49f-11f1-a367-eeee0a83654e.gestao-reembolso-db-deployer#flowable-async-job-executor-thread-32896#
[PollExecuteTaskStatusExecution] 28eee1c0-1006-4225-bf57-a2fdb7dae99f [2026-09-20T03:03:00.457986] npm notice (STDERR, APP/TASK/deploy)#
#2026 09 20 03:03:07.022#Z#DEBUG#8469ec21-b49f-11f1-a367-eeee0a83654e.gestao-reembolso-db-deployer#flowable-async-job-executor-thread-32896#
[PollExecuteTaskStatusExecution] 28eee1c0-1006-4225-bf57-a2fdb7dae99f [2026-09-20T03:03:00.458018] npm notice New major version of npm available! 10.9.8 -> 12.0.2 (STDERR, APP/TASK/deploy)#
#2026 09 20 03:03:07.022#Z#DEBUG#8469ec21-b49f-11f1-a367-eeee0a83654e.gestao-reembolso-db-deployer#flowable-async-job-executor-thread-32896#
[PollExecuteTaskStatusExecution] 28eee1c0-1006-4225-bf57-a2fdb7dae99f [2026-09-20T03:03:00.458055] npm notice Changelog: https://github.com/npm/cli/releases/tag/v12.0.2 (STDERR, APP/TASK/deploy)#
#2026 09 20 03:03:07.022#Z#DEBUG#8469ec21-b49f-11f1-a367-eeee0a83654e.gestao-reembolso-db-deployer#flowable-async-job-executor-thread-32896#
[PollExecuteTaskStatusExecution] 28eee1c0-1006-4225-bf57-a2fdb7dae99f [2026-09-20T03:03:00.458061] npm notice To update run: npm install -g npm@12.0.2 (STDERR, APP/TASK/deploy)#
#2026 09 20 03:03:07.022#Z#DEBUG#8469ec21-b49f-11f1-a367-eeee0a83654e.gestao-reembolso-db-deployer#flowable-async-job-executor-thread-32896#
[PollExecuteTaskStatusExecution] 28eee1c0-1006-4225-bf57-a2fdb7dae99f [2026-09-20T03:03:00.458069] npm notice (STDERR, APP/TASK/deploy)#
#2026 09 20 03:03:07.022#Z#DEBUG#8469ec21-b49f-11f1-a367-eeee0a83654e.gestao-reembolso-db-deployer#flowable-async-job-executor-thread-32896#
[PollExecuteTaskStatusExecution] 28eee1c0-1006-4225-bf57-a2fdb7dae99f [2026-09-20T03:03:00.529247] Exit status 1 (STDOUT, APP/TASK/deploy)#
#2026 09 20 03:03:07.022#Z#DEBUG#8469ec21-b49f-11f1-a367-eeee0a83654e.gestao-reembolso-db-deployer#flowable-async-job-executor-thread-32896#
[PollExecuteTaskStatusExecution] 28eee1c0-1006-4225-bf57-a2fdb7dae99f [2026-09-20T03:03:01.557327] Cell c839c7b1-088e-41af-b9b7-66256aacd457 stopping instance 9c9b92f2-58ac-4dd4-a50e-41db2168a608 (STDOUT, CELL)#
#2026 09 20 03:03:07.022#Z#DEBUG#8469ec21-b49f-11f1-a367-eeee0a83654e.gestao-reembolso-db-deployer#flowable-async-job-executor-thread-32896#
[PollExecuteTaskStatusExecution] 28eee1c0-1006-4225-bf57-a2fdb7dae99f [2026-09-20T03:03:01.557376] Cell c839c7b1-088e-41af-b9b7-66256aacd457 destroying container for instance 9c9b92f2-58ac-4dd4-a50e-41db2168a608 (STDOUT, CELL)#
#2026 09 20 03:03:07.022#Z#DEBUG#8469ec21-b49f-11f1-a367-eeee0a83654e.gestao-reembolso-db-deployer#flowable-async-job-executor-thread-32896#
[PollExecuteTaskStatusExecution] 28eee1c0-1006-4225-bf57-a2fdb7dae99f [2026-09-20T03:03:02.981249] Cell c839c7b1-088e-41af-b9b7-66256aacd457 successfully destroyed container for instance 9c9b92f2-58ac-4dd4-a50e-41db2168a608 (STDOUT, CELL)#
#2026 09 20 03:03:17.001#Z#DEBUG#8469ec21-b49f-11f1-a367-eeee0a83654e.gestao-reembolso-db-deployer#flowable-async-job-executor-thread-70488#
[PollExecuteTaskStatusExecution] 28eee1c0-1006-4225-bf57-a2fdb7dae99f [2026-09-20T03:02:57.714030] Could not check if session variable APPLICATION is set correctly: HANA Database instance is stopped (STDERR, APP/TASK/deploy)#
#2026 09 20 03:03:17.001#Z#DEBUG#8469ec21-b49f-11f1-a367-eeee0a83654e.gestao-reembolso-db-deployer#flowable-async-job-executor-thread-70488#
[PollExecuteTaskStatusExecution] 28eee1c0-1006-4225-bf57-a2fdb7dae99f [2026-09-20T03:02:58.929379] Could not determine status of last build: HANA Database instance is stopped (STDOUT, APP/TASK/deploy)#
#2026 09 20 03:03:17.001#Z#DEBUG#8469ec21-b49f-11f1-a367-eeee0a83654e.gestao-reembolso-db-deployer#flowable-async-job-executor-thread-70488#
[PollExecuteTaskStatusExecution] 28eee1c0-1006-4225-bf57-a2fdb7dae99f [2026-09-20T03:02:58.929415] Processing revoke files... (STDOUT, APP/TASK/deploy)#
#2026 09 20 03:03:17.001#Z#DEBUG#8469ec21-b49f-11f1-a367-eeee0a83654e.gestao-reembolso-db-deployer#flowable-async-job-executor-thread-70488#
[PollExecuteTaskStatusExecution] 28eee1c0-1006-4225-bf57-a2fdb7dae99f [2026-09-20T03:02:58.929431] Processing revoke files... ok (0s 0ms) (STDOUT, APP/TASK/deploy)#
#2026 09 20 03:03:17.001#Z#DEBUG#8469ec21-b49f-11f1-a367-eeee0a83654e.gestao-reembolso-db-deployer#flowable-async-job-executor-thread-70488#
[PollExecuteTaskStatusExecution] 28eee1c0-1006-4225-bf57-a2fdb7dae99f [2026-09-20T03:02:58.929706] Processing grants files... (STDOUT, APP/TASK/deploy)#
#2026 09 20 03:03:17.001#Z#DEBUG#8469ec21-b49f-11f1-a367-eeee0a83654e.gestao-reembolso-db-deployer#flowable-async-job-executor-thread-70488#
[PollExecuteTaskStatusExecution] 28eee1c0-1006-4225-bf57-a2fdb7dae99f [2026-09-20T03:02:58.929740] Processing grants files... ok (0s 0ms) (STDOUT, APP/TASK/deploy)#
#2026 09 20 03:03:17.001#Z#DEBUG#8469ec21-b49f-11f1-a367-eeee0a83654e.gestao-reembolso-db-deployer#flowable-async-job-executor-thread-70488#
[PollExecuteTaskStatusExecution] 28eee1c0-1006-4225-bf57-a2fdb7dae99f [2026-09-20T03:02:58.932933] Preprocessing files... (STDOUT, APP/TASK/deploy)#
#2026 09 20 03:03:17.001#Z#DEBUG#8469ec21-b49f-11f1-a367-eeee0a83654e.gestao-reembolso-db-deployer#flowable-async-job-executor-thread-70488#
[PollExecuteTaskStatusExecution] 28eee1c0-1006-4225-bf57-a2fdb7dae99f [2026-09-20T03:02:58.933670] Preprocessing files... ok (0s 0ms) (STDOUT, APP/TASK/deploy)#
#2026 09 20 03:03:17.001#Z#DEBUG#8469ec21-b49f-11f1-a367-eeee0a83654e.gestao-reembolso-db-deployer#flowable-async-job-executor-thread-70488#
[PollExecuteTaskStatusExecution] 28eee1c0-1006-4225-bf57-a2fdb7dae99f [2026-09-20T03:02:58.933704] Connecting to the container "090EFF58E38844DE9A828FF6C9C62F6F"... (STDOUT, APP/TASK/deploy)#
#2026 09 20 03:03:17.001#Z#DEBUG#8469ec21-b49f-11f1-a367-eeee0a83654e.gestao-reembolso-db-deployer#flowable-async-job-executor-thread-70488#
[PollExecuteTaskStatusExecution] 28eee1c0-1006-4225-bf57-a2fdb7dae99f [2026-09-20T03:03:00.442484] Deployment ended at 2026-09-20 03:03:00 (STDOUT, APP/TASK/deploy)#
#2026 09 20 03:03:17.001#Z#DEBUG#8469ec21-b49f-11f1-a367-eeee0a83654e.gestao-reembolso-db-deployer#flowable-async-job-executor-thread-70488#
[PollExecuteTaskStatusExecution] 28eee1c0-1006-4225-bf57-a2fdb7dae99f [2026-09-20T03:03:00.442529] (9s 118ms) (STDOUT, APP/TASK/deploy)#
#2026 09 20 03:03:17.001#Z#DEBUG#8469ec21-b49f-11f1-a367-eeee0a83654e.gestao-reembolso-db-deployer#flowable-async-job-executor-thread-70488#
[PollExecuteTaskStatusExecution] 28eee1c0-1006-4225-bf57-a2fdb7dae99f [2026-09-20T03:03:00.442588] Deployment to container 090EFF58E38844DE9A828FF6C9C62F6F failed - error: HANA Database instance is stopped [Deployment ID: none]. (STDERR, APP/TASK/deploy)#
#2026 09 20 03:03:17.001#Z#DEBUG#8469ec21-b49f-11f1-a367-eeee0a83654e.gestao-reembolso-db-deployer#flowable-async-job-executor-thread-70488#
[PollExecuteTaskStatusExecution] 28eee1c0-1006-4225-bf57-a2fdb7dae99f [2026-09-20T03:03:00.442615] Error: HANA Database instance is stopped (STDERR, APP/TASK/deploy)#
#2026 09 20 03:03:17.001#Z#DEBUG#8469ec21-b49f-11f1-a367-eeee0a83654e.gestao-reembolso-db-deployer#flowable-async-job-executor-thread-70488#
[PollExecuteTaskStatusExecution] 28eee1c0-1006-4225-bf57-a2fdb7dae99f [2026-09-20T03:03:00.457986] npm notice (STDERR, APP/TASK/deploy)#
#2026 09 20 03:03:17.001#Z#DEBUG#8469ec21-b49f-11f1-a367-eeee0a83654e.gestao-reembolso-db-deployer#flowable-async-job-executor-thread-70488#
[PollExecuteTaskStatusExecution] 28eee1c0-1006-4225-bf57-a2fdb7dae99f [2026-09-20T03:03:00.458018] npm notice New major version of npm available! 10.9.8 -> 12.0.2 (STDERR, APP/TASK/deploy)#
#2026 09 20 03:03:17.001#Z#DEBUG#8469ec21-b49f-11f1-a367-eeee0a83654e.gestao-reembolso-db-deployer#flowable-async-job-executor-thread-70488#
[PollExecuteTaskStatusExecution] 28eee1c0-1006-4225-bf57-a2fdb7dae99f [2026-09-20T03:03:00.458055] npm notice Changelog: https://github.com/npm/cli/releases/tag/v12.0.2 (STDERR, APP/TASK/deploy)#
#2026 09 20 03:03:17.001#Z#DEBUG#8469ec21-b49f-11f1-a367-eeee0a83654e.gestao-reembolso-db-deployer#flowable-async-job-executor-thread-70488#
[PollExecuteTaskStatusExecution] 28eee1c0-1006-4225-bf57-a2fdb7dae99f [2026-09-20T03:03:00.458061] npm notice To update run: npm install -g npm@12.0.2 (STDERR, APP/TASK/deploy)#
#2026 09 20 03:03:17.001#Z#DEBUG#8469ec21-b49f-11f1-a367-eeee0a83654e.gestao-reembolso-db-deployer#flowable-async-job-executor-thread-70488#
[PollExecuteTaskStatusExecution] 28eee1c0-1006-4225-bf57-a2fdb7dae99f [2026-09-20T03:03:00.458069] npm notice (STDERR, APP/TASK/deploy)#
#2026 09 20 03:03:17.001#Z#DEBUG#8469ec21-b49f-11f1-a367-eeee0a83654e.gestao-reembolso-db-deployer#flowable-async-job-executor-thread-70488#
[PollExecuteTaskStatusExecution] 28eee1c0-1006-4225-bf57-a2fdb7dae99f [2026-09-20T03:03:00.529247] Exit status 1 (STDOUT, APP/TASK/deploy)#
#2026 09 20 03:03:17.001#Z#DEBUG#8469ec21-b49f-11f1-a367-eeee0a83654e.gestao-reembolso-db-deployer#flowable-async-job-executor-thread-70488#
[PollExecuteTaskStatusExecution] 28eee1c0-1006-4225-bf57-a2fdb7dae99f [2026-09-20T03:03:01.557327] Cell c839c7b1-088e-41af-b9b7-66256aacd457 stopping instance 9c9b92f2-58ac-4dd4-a50e-41db2168a608 (STDOUT, CELL)#
#2026 09 20 03:03:17.001#Z#DEBUG#8469ec21-b49f-11f1-a367-eeee0a83654e.gestao-reembolso-db-deployer#flowable-async-job-executor-thread-70488#
[PollExecuteTaskStatusExecution] 28eee1c0-1006-4225-bf57-a2fdb7dae99f [2026-09-20T03:03:01.557376] Cell c839c7b1-088e-41af-b9b7-66256aacd457 destroying container for instance 9c9b92f2-58ac-4dd4-a50e-41db2168a608 (STDOUT, CELL)#
#2026 09 20 03:03:17.001#Z#DEBUG#8469ec21-b49f-11f1-a367-eeee0a83654e.gestao-reembolso-db-deployer#flowable-async-job-executor-thread-70488#
[PollExecuteTaskStatusExecution] 28eee1c0-1006-4225-bf57-a2fdb7dae99f [2026-09-20T03:03:02.981249] Cell c839c7b1-088e-41af-b9b7-66256aacd457 successfully destroyed container for instance 9c9b92f2-58ac-4dd4-a50e-41db2168a608 (STDOUT, CELL)#
#2026 09 20 03:03:17.001#Z#DEBUG#8469ec21-b49f-11f1-a367-eeee0a83654e.gestao-reembolso-db-deployer#flowable-async-job-executor-thread-70488#
[PollExecuteTaskStatusExecution] 28eee1c0-1006-4225-bf57-a2fdb7dae99f [2026-09-20T03:03:09.236561] Cell 684caff8-89cd-492b-be01-b3d0835f1763 creating container for instance 64564ec2-485e-4bbf-a143-e1c89b749f79 (STDOUT, CELL)#
#2026 09 20 03:03:17.001#Z#DEBUG#8469ec21-b49f-11f1-a367-eeee0a83654e.gestao-reembolso-db-deployer#flowable-async-job-executor-thread-70488#
[PollExecuteTaskStatusExecution] 28eee1c0-1006-4225-bf57-a2fdb7dae99f [2026-09-20T03:03:09.654570] Security group rules were updated (STDOUT, CELL)#
#2026 09 20 03:03:17.001#Z#DEBUG#8469ec21-b49f-11f1-a367-eeee0a83654e.gestao-reembolso-db-deployer#flowable-async-job-executor-thread-70488#
[PollExecuteTaskStatusExecution] 28eee1c0-1006-4225-bf57-a2fdb7dae99f [2026-09-20T03:03:09.688565] Cell 684caff8-89cd-492b-be01-b3d0835f1763 successfully created container for instance 64564ec2-485e-4bbf-a143-e1c89b749f79 (STDOUT, CELL)#
#2026 09 20 03:03:17.001#Z#DEBUG#8469ec21-b49f-11f1-a367-eeee0a83654e.gestao-reembolso-db-deployer#flowable-async-job-executor-thread-70488#
[PollExecuteTaskStatusExecution] 28eee1c0-1006-4225-bf57-a2fdb7dae99f [2026-09-20T03:03:14.785881] Invoking pre-start scripts. (STDOUT, APP/TASK/deploy)#
#2026 09 20 03:03:17.001#Z#DEBUG#8469ec21-b49f-11f1-a367-eeee0a83654e.gestao-reembolso-db-deployer#flowable-async-job-executor-thread-70488#
[PollExecuteTaskStatusExecution] 28eee1c0-1006-4225-bf57-a2fdb7dae99f [2026-09-20T03:03:15.014091] Invoking start command. (STDOUT, APP/TASK/deploy)#
#2026 09 20 03:03:17.001#Z#DEBUG#8469ec21-b49f-11f1-a367-eeee0a83654e.gestao-reembolso-db-deployer#flowable-async-job-executor-thread-70488#
[PollExecuteTaskStatusExecution] 28eee1c0-1006-4225-bf57-a2fdb7dae99f [2026-09-20T03:03:15.456449] > gestao-reembolso-db@1.0.0 start (STDOUT, APP/TASK/deploy)#
#2026 09 20 03:03:17.001#Z#DEBUG#8469ec21-b49f-11f1-a367-eeee0a83654e.gestao-reembolso-db-deployer#flowable-async-job-executor-thread-70488#
[PollExecuteTaskStatusExecution] 28eee1c0-1006-4225-bf57-a2fdb7dae99f [2026-09-20T03:03:15.456477] > node node_modules/@sap/hdi-deploy/deploy.js (STDOUT, APP/TASK/deploy)#
#2026 09 20 03:03:17.001#Z#DEBUG#8469ec21-b49f-11f1-a367-eeee0a83654e.gestao-reembolso-db-deployer#flowable-async-job-executor-thread-70488#
[PollExecuteTaskStatusExecution] 28eee1c0-1006-4225-bf57-a2fdb7dae99f [2026-09-20T03:03:15.620395] VCAP_SERVICES: (STDOUT, APP/TASK/deploy)#
#2026 09 20 03:03:17.001#Z#DEBUG#8469ec21-b49f-11f1-a367-eeee0a83654e.gestao-reembolso-db-deployer#flowable-async-job-executor-thread-70488#
[PollExecuteTaskStatusExecution] 28eee1c0-1006-4225-bf57-a2fdb7dae99f [2026-09-20T03:03:15.620963] { (STDOUT, APP/TASK/deploy)#
#2026 09 20 03:03:17.001#Z#DEBUG#8469ec21-b49f-11f1-a367-eeee0a83654e.gestao-reembolso-db-deployer#flowable-async-job-executor-thread-70488#
[PollExecuteTaskStatusExecution] 28eee1c0-1006-4225-bf57-a2fdb7dae99f [2026-09-20T03:03:15.620997] "hana": [ (STDOUT, APP/TASK/deploy)#
#2026 09 20 03:03:17.001#Z#DEBUG#8469ec21-b49f-11f1-a367-eeee0a83654e.gestao-reembolso-db-deployer#flowable-async-job-executor-thread-70488#
[PollExecuteTaskStatusExecution] 28eee1c0-1006-4225-bf57-a2fdb7dae99f [2026-09-20T03:03:15.621007] { (STDOUT, APP/TASK/deploy)#
#2026 09 20 03:03:17.001#Z#DEBUG#8469ec21-b49f-11f1-a367-eeee0a83654e.gestao-reembolso-db-deployer#flowable-async-job-executor-thread-70488#
[PollExecuteTaskStatusExecution] 28eee1c0-1006-4225-bf57-a2fdb7dae99f [2026-09-20T03:03:15.621010] "name": "gestao-reembolso-db", (STDOUT, APP/TASK/deploy)#
#2026 09 20 03:03:17.001#Z#DEBUG#8469ec21-b49f-11f1-a367-eeee0a83654e.gestao-reembolso-db-deployer#flowable-async-job-executor-thread-70488#
[PollExecuteTaskStatusExecution] 28eee1c0-1006-4225-bf57-a2fdb7dae99f [2026-09-20T03:03:15.621014] "label": "hana", (STDOUT, APP/TASK/deploy)#
#2026 09 20 03:03:17.001#Z#DEBUG#8469ec21-b49f-11f1-a367-eeee0a83654e.gestao-reembolso-db-deployer#flowable-async-job-executor-thread-70488#
[PollExecuteTaskStatusExecution] 28eee1c0-1006-4225-bf57-a2fdb7dae99f [2026-09-20T03:03:15.621018] "plan": "hdi-shared", (STDOUT, APP/TASK/deploy)#
#2026 09 20 03:03:17.001#Z#DEBUG#8469ec21-b49f-11f1-a367-eeee0a83654e.gestao-reembolso-db-deployer#flowable-async-job-executor-thread-70488#
[PollExecuteTaskStatusExecution] 28eee1c0-1006-4225-bf57-a2fdb7dae99f [2026-09-20T03:03:15.621020] "credentials": { (STDOUT, APP/TASK/deploy)#
#2026 09 20 03:03:17.001#Z#DEBUG#8469ec21-b49f-11f1-a367-eeee0a83654e.gestao-reembolso-db-deployer#flowable-async-job-executor-thread-70488#
[PollExecuteTaskStatusExecution] 28eee1c0-1006-4225-bf57-a2fdb7dae99f [2026-09-20T03:03:15.621023] "schema": "090EFF58E38844DE9A828FF6C9C62F6F", (STDOUT, APP/TASK/deploy)#
#2026 09 20 03:03:17.001#Z#DEBUG#8469ec21-b49f-11f1-a367-eeee0a83654e.gestao-reembolso-db-deployer#flowable-async-job-executor-thread-70488#
[PollExecuteTaskStatusExecution] 28eee1c0-1006-4225-bf57-a2fdb7dae99f [2026-09-20T03:03:15.621025] "database_id": "44255285-c6d5-4950-a80f-64ccb585f279", (STDOUT, APP/TASK/deploy)#
#2026 09 20 03:03:17.001#Z#DEBUG#8469ec21-b49f-11f1-a367-eeee0a83654e.gestao-reembolso-db-deployer#flowable-async-job-executor-thread-70488#
[PollExecuteTaskStatusExecution] 28eee1c0-1006-4225-bf57-a2fdb7dae99f [2026-09-20T03:03:15.621028] "user": "090EFF58E38844DE9A828FF6C9C62F6F_5F07PX88O43GFZWCE2IJIEBPO_RT", (STDOUT, APP/TASK/deploy)#
#2026 09 20 03:03:17.001#Z#DEBUG#8469ec21-b49f-11f1-a367-eeee0a83654e.gestao-reembolso-db-deployer#flowable-async-job-executor-thread-70488#
[PollExecuteTaskStatusExecution] 28eee1c0-1006-4225-bf57-a2fdb7dae99f [2026-09-20T03:03:15.621031] "hdi_user": "090EFF58E38844DE9A828FF6C9C62F6F_5F07PX88O43GFZWCE2IJIEBPO_DT" (STDOUT, APP/TASK/deploy)#
#2026 09 20 03:03:17.001#Z#DEBUG#8469ec21-b49f-11f1-a367-eeee0a83654e.gestao-reembolso-db-deployer#flowable-async-job-executor-thread-70488#
[PollExecuteTaskStatusExecution] 28eee1c0-1006-4225-bf57-a2fdb7dae99f [2026-09-20T03:03:15.621033] }, (STDOUT, APP/TASK/deploy)#
#2026 09 20 03:03:17.001#Z#DEBUG#8469ec21-b49f-11f1-a367-eeee0a83654e.gestao-reembolso-db-deployer#flowable-async-job-executor-thread-70488#
[PollExecuteTaskStatusExecution] 28eee1c0-1006-4225-bf57-a2fdb7dae99f [2026-09-20T03:03:15.621036] "tags": [ (STDOUT, APP/TASK/deploy)#
#2026 09 20 03:03:17.001#Z#DEBUG#8469ec21-b49f-11f1-a367-eeee0a83654e.gestao-reembolso-db-deployer#flowable-async-job-executor-thread-70488#
[PollExecuteTaskStatusExecution] 28eee1c0-1006-4225-bf57-a2fdb7dae99f [2026-09-20T03:03:15.621038] "hana", (STDOUT, APP/TASK/deploy)#
#2026 09 20 03:03:17.001#Z#DEBUG#8469ec21-b49f-11f1-a367-eeee0a83654e.gestao-reembolso-db-deployer#flowable-async-job-executor-thread-70488#
[PollExecuteTaskStatusExecution] 28eee1c0-1006-4225-bf57-a2fdb7dae99f [2026-09-20T03:03:15.621046] "database", (STDOUT, APP/TASK/deploy)#
#2026 09 20 03:03:17.001#Z#DEBUG#8469ec21-b49f-11f1-a367-eeee0a83654e.gestao-reembolso-db-deployer#flowable-async-job-executor-thread-70488#
[PollExecuteTaskStatusExecution] 28eee1c0-1006-4225-bf57-a2fdb7dae99f [2026-09-20T03:03:15.621048] "relational" (STDOUT, APP/TASK/deploy)#
#2026 09 20 03:03:17.001#Z#DEBUG#8469ec21-b49f-11f1-a367-eeee0a83654e.gestao-reembolso-db-deployer#flowable-async-job-executor-thread-70488#
[PollExecuteTaskStatusExecution] 28eee1c0-1006-4225-bf57-a2fdb7dae99f [2026-09-20T03:03:15.621052] ] (STDOUT, APP/TASK/deploy)#
#2026 09 20 03:03:17.001#Z#DEBUG#8469ec21-b49f-11f1-a367-eeee0a83654e.gestao-reembolso-db-deployer#flowable-async-job-executor-thread-70488#
[PollExecuteTaskStatusExecution] 28eee1c0-1006-4225-bf57-a2fdb7dae99f [2026-09-20T03:03:15.621054] } (STDOUT, APP/TASK/deploy)#
#2026 09 20 03:03:17.001#Z#DEBUG#8469ec21-b49f-11f1-a367-eeee0a83654e.gestao-reembolso-db-deployer#flowable-async-job-executor-thread-70488#
[PollExecuteTaskStatusExecution] 28eee1c0-1006-4225-bf57-a2fdb7dae99f [2026-09-20T03:03:15.621056] ] (STDOUT, APP/TASK/deploy)#
#2026 09 20 03:03:17.001#Z#DEBUG#8469ec21-b49f-11f1-a367-eeee0a83654e.gestao-reembolso-db-deployer#flowable-async-job-executor-thread-70488#
[PollExecuteTaskStatusExecution] 28eee1c0-1006-4225-bf57-a2fdb7dae99f [2026-09-20T03:03:15.621058] } (STDOUT, APP/TASK/deploy)#
#2026 09 20 03:03:27.022#Z#DEBUG#8469ec21-b49f-11f1-a367-eeee0a83654e.gestao-reembolso-db-deployer#flowable-async-job-executor-thread-70494#
[PollExecuteTaskStatusExecution] 28eee1c0-1006-4225-bf57-a2fdb7dae99f [2026-09-20T03:03:20.673818] @sap/hdi-deploy, version 5.7.0 (mode default), server version unknown (0.0.0.0), cloud version , node version 22.23.2, HDI version -1, container API version -1 (STDOUT, APP/TASK/deploy)#
#2026 09 20 03:03:27.022#Z#DEBUG#8469ec21-b49f-11f1-a367-eeee0a83654e.gestao-reembolso-db-deployer#flowable-async-job-executor-thread-70494#
[PollExecuteTaskStatusExecution] 28eee1c0-1006-4225-bf57-a2fdb7dae99f [2026-09-20T03:03:20.673849] Deployment started at 2026-09-20 03:03:20 (STDOUT, APP/TASK/deploy)#
#2026 09 20 03:03:27.022#Z#DEBUG#8469ec21-b49f-11f1-a367-eeee0a83654e.gestao-reembolso-db-deployer#flowable-async-job-executor-thread-70494#
[PollExecuteTaskStatusExecution] 28eee1c0-1006-4225-bf57-a2fdb7dae99f [2026-09-20T03:03:20.675507] Using @sap/hana-client@2.30.27 for connection (STDOUT, APP/TASK/deploy)#
#2026 09 20 03:03:27.022#Z#DEBUG#8469ec21-b49f-11f1-a367-eeee0a83654e.gestao-reembolso-db-deployer#flowable-async-job-executor-thread-70494#
[PollExecuteTaskStatusExecution] 28eee1c0-1006-4225-bf57-a2fdb7dae99f [2026-09-20T03:03:20.675559] Detection of server version failed; root cause: HANA Database instance is stopped (STDOUT, APP/TASK/deploy)#
#2026 09 20 03:03:27.022#Z#DEBUG#8469ec21-b49f-11f1-a367-eeee0a83654e.gestao-reembolso-db-deployer#flowable-async-job-executor-thread-70494#
[PollExecuteTaskStatusExecution] 28eee1c0-1006-4225-bf57-a2fdb7dae99f [2026-09-20T03:03:20.675564] Detection of cloud version failed; root cause: HANA Database instance is stopped (STDOUT, APP/TASK/deploy)#
#2026 09 20 03:03:27.022#Z#DEBUG#8469ec21-b49f-11f1-a367-eeee0a83654e.gestao-reembolso-db-deployer#flowable-async-job-executor-thread-70494#
[PollExecuteTaskStatusExecution] 28eee1c0-1006-4225-bf57-a2fdb7dae99f [2026-09-20T03:03:20.675567] Detection of container API version failed; root cause: HANA Database instance is stopped (STDOUT, APP/TASK/deploy)#
#2026 09 20 03:03:27.022#Z#DEBUG#8469ec21-b49f-11f1-a367-eeee0a83654e.gestao-reembolso-db-deployer#flowable-async-job-executor-thread-70494#
[PollExecuteTaskStatusExecution] 28eee1c0-1006-4225-bf57-a2fdb7dae99f [2026-09-20T03:03:20.675588] Detection of HDI version failed; root cause: HANA Database instance is stopped (STDOUT, APP/TASK/deploy)#
#2026 09 20 03:03:27.022#Z#DEBUG#8469ec21-b49f-11f1-a367-eeee0a83654e.gestao-reembolso-db-deployer#flowable-async-job-executor-thread-70494#
[PollExecuteTaskStatusExecution] 28eee1c0-1006-4225-bf57-a2fdb7dae99f [2026-09-20T03:03:20.676264] The server does not support live updating of make messages. The messages will be displayed, when the make is done. (STDOUT, APP/TASK/deploy)#
#2026 09 20 03:03:27.022#Z#DEBUG#8469ec21-b49f-11f1-a367-eeee0a83654e.gestao-reembolso-db-deployer#flowable-async-job-executor-thread-70494#
[PollExecuteTaskStatusExecution] 28eee1c0-1006-4225-bf57-a2fdb7dae99f [2026-09-20T03:03:20.697580] No ignore file at /home/vcap/app/.hdiignore. (STDOUT, APP/TASK/deploy)#
#2026 09 20 03:03:27.022#Z#DEBUG#8469ec21-b49f-11f1-a367-eeee0a83654e.gestao-reembolso-db-deployer#flowable-async-job-executor-thread-70494#
[PollExecuteTaskStatusExecution] 28eee1c0-1006-4225-bf57-a2fdb7dae99f [2026-09-20T03:03:20.698008] Collecting files... (STDOUT, APP/TASK/deploy)#
#2026 09 20 03:03:27.022#Z#DEBUG#8469ec21-b49f-11f1-a367-eeee0a83654e.gestao-reembolso-db-deployer#flowable-async-job-executor-thread-70494#
[PollExecuteTaskStatusExecution] 28eee1c0-1006-4225-bf57-a2fdb7dae99f [2026-09-20T03:03:20.702634] Collecting files... ok (0s 4ms) (STDOUT, APP/TASK/deploy)#
#2026 09 20 03:03:27.022#Z#DEBUG#8469ec21-b49f-11f1-a367-eeee0a83654e.gestao-reembolso-db-deployer#flowable-async-job-executor-thread-70494#
[PollExecuteTaskStatusExecution] 28eee1c0-1006-4225-bf57-a2fdb7dae99f [2026-09-20T03:03:20.702805] 3 directories collected (STDOUT, APP/TASK/deploy)#
#2026 09 20 03:03:27.022#Z#DEBUG#8469ec21-b49f-11f1-a367-eeee0a83654e.gestao-reembolso-db-deployer#flowable-async-job-executor-thread-70494#
[PollExecuteTaskStatusExecution] 28eee1c0-1006-4225-bf57-a2fdb7dae99f [2026-09-20T03:03:20.703010] 16 files collected (STDOUT, APP/TASK/deploy)#
#2026 09 20 03:03:27.022#Z#DEBUG#8469ec21-b49f-11f1-a367-eeee0a83654e.gestao-reembolso-db-deployer#flowable-async-job-executor-thread-70494#
[PollExecuteTaskStatusExecution] 28eee1c0-1006-4225-bf57-a2fdb7dae99f [2026-09-20T03:03:20.703039] 0 reusable modules collected (STDOUT, APP/TASK/deploy)#
#2026 09 20 03:03:27.022#Z#DEBUG#8469ec21-b49f-11f1-a367-eeee0a83654e.gestao-reembolso-db-deployer#flowable-async-job-executor-thread-70494#
[PollExecuteTaskStatusExecution] 28eee1c0-1006-4225-bf57-a2fdb7dae99f [2026-09-20T03:03:20.703215] Target service: gestao-reembolso-db (STDOUT, APP/TASK/deploy)#
#2026 09 20 03:03:27.022#Z#DEBUG#8469ec21-b49f-11f1-a367-eeee0a83654e.gestao-reembolso-db-deployer#flowable-async-job-executor-thread-70494#
[PollExecuteTaskStatusExecution] 28eee1c0-1006-4225-bf57-a2fdb7dae99f [2026-09-20T03:03:21.994720] Could not check if session variable APPLICATION is set correctly: HANA Database instance is stopped (STDERR, APP/TASK/deploy)#
#2026 09 20 03:03:27.022#Z#DEBUG#8469ec21-b49f-11f1-a367-eeee0a83654e.gestao-reembolso-db-deployer#flowable-async-job-executor-thread-70494#
[PollExecuteTaskStatusExecution] 28eee1c0-1006-4225-bf57-a2fdb7dae99f [2026-09-20T03:03:23.329916] Could not determine status of last build: HANA Database instance is stopped (STDOUT, APP/TASK/deploy)#
#2026 09 20 03:03:27.022#Z#DEBUG#8469ec21-b49f-11f1-a367-eeee0a83654e.gestao-reembolso-db-deployer#flowable-async-job-executor-thread-70494#
[PollExecuteTaskStatusExecution] 28eee1c0-1006-4225-bf57-a2fdb7dae99f [2026-09-20T03:03:23.329962] Processing revoke files... (STDOUT, APP/TASK/deploy)#
#2026 09 20 03:03:27.022#Z#DEBUG#8469ec21-b49f-11f1-a367-eeee0a83654e.gestao-reembolso-db-deployer#flowable-async-job-executor-thread-70494#
[PollExecuteTaskStatusExecution] 28eee1c0-1006-4225-bf57-a2fdb7dae99f [2026-09-20T03:03:23.330048] Processing revoke files... ok (0s 0ms) (STDOUT, APP/TASK/deploy)#
#2026 09 20 03:03:27.022#Z#DEBUG#8469ec21-b49f-11f1-a367-eeee0a83654e.gestao-reembolso-db-deployer#flowable-async-job-executor-thread-70494#
[PollExecuteTaskStatusExecution] 28eee1c0-1006-4225-bf57-a2fdb7dae99f [2026-09-20T03:03:23.330784] Processing grants files... (STDOUT, APP/TASK/deploy)#
#2026 09 20 03:03:27.022#Z#DEBUG#8469ec21-b49f-11f1-a367-eeee0a83654e.gestao-reembolso-db-deployer#flowable-async-job-executor-thread-70494#
[PollExecuteTaskStatusExecution] 28eee1c0-1006-4225-bf57-a2fdb7dae99f [2026-09-20T03:03:23.330829] Processing grants files... ok (0s 0ms) (STDOUT, APP/TASK/deploy)#
#2026 09 20 03:03:27.022#Z#DEBUG#8469ec21-b49f-11f1-a367-eeee0a83654e.gestao-reembolso-db-deployer#flowable-async-job-executor-thread-70494#
[PollExecuteTaskStatusExecution] 28eee1c0-1006-4225-bf57-a2fdb7dae99f [2026-09-20T03:03:23.332672] Preprocessing files... (STDOUT, APP/TASK/deploy)#
#2026 09 20 03:03:27.022#Z#DEBUG#8469ec21-b49f-11f1-a367-eeee0a83654e.gestao-reembolso-db-deployer#flowable-async-job-executor-thread-70494#
[PollExecuteTaskStatusExecution] 28eee1c0-1006-4225-bf57-a2fdb7dae99f [2026-09-20T03:03:23.332862] Preprocessing files... ok (0s 0ms) (STDOUT, APP/TASK/deploy)#
#2026 09 20 03:03:27.022#Z#DEBUG#8469ec21-b49f-11f1-a367-eeee0a83654e.gestao-reembolso-db-deployer#flowable-async-job-executor-thread-70494#
[PollExecuteTaskStatusExecution] 28eee1c0-1006-4225-bf57-a2fdb7dae99f [2026-09-20T03:03:23.332985] Connecting to the container "090EFF58E38844DE9A828FF6C9C62F6F"... (STDOUT, APP/TASK/deploy)#
#2026 09 20 03:03:27.022#Z#DEBUG#8469ec21-b49f-11f1-a367-eeee0a83654e.gestao-reembolso-db-deployer#flowable-async-job-executor-thread-70494#
[PollExecuteTaskStatusExecution] 28eee1c0-1006-4225-bf57-a2fdb7dae99f [2026-09-20T03:03:24.516491] Deployment to container 090EFF58E38844DE9A828FF6C9C62F6F failed - error: HANA Database instance is stopped [Deployment ID: none]. (STDERR, APP/TASK/deploy)#
#2026 09 20 03:03:27.022#Z#DEBUG#8469ec21-b49f-11f1-a367-eeee0a83654e.gestao-reembolso-db-deployer#flowable-async-job-executor-thread-70494#
[PollExecuteTaskStatusExecution] 28eee1c0-1006-4225-bf57-a2fdb7dae99f [2026-09-20T03:03:24.516839] Error: HANA Database instance is stopped (STDERR, APP/TASK/deploy)#
#2026 09 20 03:03:27.022#Z#DEBUG#8469ec21-b49f-11f1-a367-eeee0a83654e.gestao-reembolso-db-deployer#flowable-async-job-executor-thread-70494#
[PollExecuteTaskStatusExecution] 28eee1c0-1006-4225-bf57-a2fdb7dae99f [2026-09-20T03:03:24.516843] Deployment ended at 2026-09-20 03:03:24 (STDOUT, APP/TASK/deploy)#
#2026 09 20 03:03:27.022#Z#DEBUG#8469ec21-b49f-11f1-a367-eeee0a83654e.gestao-reembolso-db-deployer#flowable-async-job-executor-thread-70494#
[PollExecuteTaskStatusExecution] 28eee1c0-1006-4225-bf57-a2fdb7dae99f [2026-09-20T03:03:24.517028] (9s 14ms) (STDOUT, APP/TASK/deploy)#
#2026 09 20 03:03:27.022#Z#DEBUG#8469ec21-b49f-11f1-a367-eeee0a83654e.gestao-reembolso-db-deployer#flowable-async-job-executor-thread-70494#
[PollExecuteTaskStatusExecution] 28eee1c0-1006-4225-bf57-a2fdb7dae99f [2026-09-20T03:03:24.532148] npm notice (STDERR, APP/TASK/deploy)#
#2026 09 20 03:03:27.022#Z#DEBUG#8469ec21-b49f-11f1-a367-eeee0a83654e.gestao-reembolso-db-deployer#flowable-async-job-executor-thread-70494#
[PollExecuteTaskStatusExecution] 28eee1c0-1006-4225-bf57-a2fdb7dae99f [2026-09-20T03:03:24.532182] npm notice New major version of npm available! 10.9.8 -> 12.0.2 (STDERR, APP/TASK/deploy)#
#2026 09 20 03:03:27.022#Z#DEBUG#8469ec21-b49f-11f1-a367-eeee0a83654e.gestao-reembolso-db-deployer#flowable-async-job-executor-thread-70494#
[PollExecuteTaskStatusExecution] 28eee1c0-1006-4225-bf57-a2fdb7dae99f [2026-09-20T03:03:24.532186] npm notice Changelog: https://github.com/npm/cli/releases/tag/v12.0.2 (STDERR, APP/TASK/deploy)#
#2026 09 20 03:03:27.022#Z#DEBUG#8469ec21-b49f-11f1-a367-eeee0a83654e.gestao-reembolso-db-deployer#flowable-async-job-executor-thread-70494#
[PollExecuteTaskStatusExecution] 28eee1c0-1006-4225-bf57-a2fdb7dae99f [2026-09-20T03:03:24.532189] npm notice To update run: npm install -g npm@12.0.2 (STDERR, APP/TASK/deploy)#
#2026 09 20 03:03:27.022#Z#DEBUG#8469ec21-b49f-11f1-a367-eeee0a83654e.gestao-reembolso-db-deployer#flowable-async-job-executor-thread-70494#
[PollExecuteTaskStatusExecution] 28eee1c0-1006-4225-bf57-a2fdb7dae99f [2026-09-20T03:03:24.532191] npm notice (STDERR, APP/TASK/deploy)#
#2026 09 20 03:03:27.022#Z#DEBUG#8469ec21-b49f-11f1-a367-eeee0a83654e.gestao-reembolso-db-deployer#flowable-async-job-executor-thread-70494#
[PollExecuteTaskStatusExecution] 28eee1c0-1006-4225-bf57-a2fdb7dae99f [2026-09-20T03:03:24.605765] Exit status 1 (STDOUT, APP/TASK/deploy)#
#2026 09 20 03:03:27.022#Z#DEBUG#8469ec21-b49f-11f1-a367-eeee0a83654e.gestao-reembolso-db-deployer#flowable-async-job-executor-thread-70494#
[PollExecuteTaskStatusExecution] 28eee1c0-1006-4225-bf57-a2fdb7dae99f [2026-09-20T03:03:24.937844] Cell 684caff8-89cd-492b-be01-b3d0835f1763 stopping instance 64564ec2-485e-4bbf-a143-e1c89b749f79 (STDOUT, CELL)#
#2026 09 20 03:03:27.022#Z#DEBUG#8469ec21-b49f-11f1-a367-eeee0a83654e.gestao-reembolso-db-deployer#flowable-async-job-executor-thread-70494#
[PollExecuteTaskStatusExecution] 28eee1c0-1006-4225-bf57-a2fdb7dae99f [2026-09-20T03:03:24.937891] Cell 684caff8-89cd-492b-be01-b3d0835f1763 destroying container for instance 64564ec2-485e-4bbf-a143-e1c89b749f79 (STDOUT, CELL)#
#2026 09 20 03:03:27.022#Z#DEBUG#8469ec21-b49f-11f1-a367-eeee0a83654e.gestao-reembolso-db-deployer#flowable-async-job-executor-thread-70494#
[PollExecuteTaskStatusExecution] 28eee1c0-1006-4225-bf57-a2fdb7dae99f [2026-09-20T03:03:26.227703] Cell 684caff8-89cd-492b-be01-b3d0835f1763 successfully destroyed container for instance 64564ec2-485e-4bbf-a143-e1c89b749f79 (STDOUT, CELL)#
#2026 09 20 03:03:37.114#Z#DEBUG#8469ec21-b49f-11f1-a367-eeee0a83654e.gestao-reembolso-db-deployer#flowable-async-job-executor-thread-42049#
[PollExecuteTaskStatusExecution] 28eee1c0-1006-4225-bf57-a2fdb7dae99f [2026-09-20T03:03:20.673818] @sap/hdi-deploy, version 5.7.0 (mode default), server version unknown (0.0.0.0), cloud version , node version 22.23.2, HDI version -1, container API version -1 (STDOUT, APP/TASK/deploy)#
#2026 09 20 03:03:37.114#Z#DEBUG#8469ec21-b49f-11f1-a367-eeee0a83654e.gestao-reembolso-db-deployer#flowable-async-job-executor-thread-42049#
[PollExecuteTaskStatusExecution] 28eee1c0-1006-4225-bf57-a2fdb7dae99f [2026-09-20T03:03:20.673849] Deployment started at 2026-09-20 03:03:20 (STDOUT, APP/TASK/deploy)#
#2026 09 20 03:03:37.114#Z#DEBUG#8469ec21-b49f-11f1-a367-eeee0a83654e.gestao-reembolso-db-deployer#flowable-async-job-executor-thread-42049#
[PollExecuteTaskStatusExecution] 28eee1c0-1006-4225-bf57-a2fdb7dae99f [2026-09-20T03:03:20.675507] Using @sap/hana-client@2.30.27 for connection (STDOUT, APP/TASK/deploy)#
#2026 09 20 03:03:37.114#Z#DEBUG#8469ec21-b49f-11f1-a367-eeee0a83654e.gestao-reembolso-db-deployer#flowable-async-job-executor-thread-42049#
[PollExecuteTaskStatusExecution] 28eee1c0-1006-4225-bf57-a2fdb7dae99f [2026-09-20T03:03:20.675559] Detection of server version failed; root cause: HANA Database instance is stopped (STDOUT, APP/TASK/deploy)#
#2026 09 20 03:03:37.114#Z#DEBUG#8469ec21-b49f-11f1-a367-eeee0a83654e.gestao-reembolso-db-deployer#flowable-async-job-executor-thread-42049#
[PollExecuteTaskStatusExecution] 28eee1c0-1006-4225-bf57-a2fdb7dae99f [2026-09-20T03:03:20.675564] Detection of cloud version failed; root cause: HANA Database instance is stopped (STDOUT, APP/TASK/deploy)#
#2026 09 20 03:03:37.114#Z#DEBUG#8469ec21-b49f-11f1-a367-eeee0a83654e.gestao-reembolso-db-deployer#flowable-async-job-executor-thread-42049#
[PollExecuteTaskStatusExecution] 28eee1c0-1006-4225-bf57-a2fdb7dae99f [2026-09-20T03:03:20.675567] Detection of container API version failed; root cause: HANA Database instance is stopped (STDOUT, APP/TASK/deploy)#
#2026 09 20 03:03:37.114#Z#DEBUG#8469ec21-b49f-11f1-a367-eeee0a83654e.gestao-reembolso-db-deployer#flowable-async-job-executor-thread-42049#
[PollExecuteTaskStatusExecution] 28eee1c0-1006-4225-bf57-a2fdb7dae99f [2026-09-20T03:03:20.675588] Detection of HDI version failed; root cause: HANA Database instance is stopped (STDOUT, APP/TASK/deploy)#
#2026 09 20 03:03:37.114#Z#DEBUG#8469ec21-b49f-11f1-a367-eeee0a83654e.gestao-reembolso-db-deployer#flowable-async-job-executor-thread-42049#
[PollExecuteTaskStatusExecution] 28eee1c0-1006-4225-bf57-a2fdb7dae99f [2026-09-20T03:03:20.676264] The server does not support live updating of make messages. The messages will be displayed, when the make is done. (STDOUT, APP/TASK/deploy)#
#2026 09 20 03:03:37.114#Z#DEBUG#8469ec21-b49f-11f1-a367-eeee0a83654e.gestao-reembolso-db-deployer#flowable-async-job-executor-thread-42049#
[PollExecuteTaskStatusExecution] 28eee1c0-1006-4225-bf57-a2fdb7dae99f [2026-09-20T03:03:20.697580] No ignore file at /home/vcap/app/.hdiignore. (STDOUT, APP/TASK/deploy)#
#2026 09 20 03:03:37.114#Z#DEBUG#8469ec21-b49f-11f1-a367-eeee0a83654e.gestao-reembolso-db-deployer#flowable-async-job-executor-thread-42049#
[PollExecuteTaskStatusExecution] 28eee1c0-1006-4225-bf57-a2fdb7dae99f [2026-09-20T03:03:20.698008] Collecting files... (STDOUT, APP/TASK/deploy)#
#2026 09 20 03:03:37.114#Z#DEBUG#8469ec21-b49f-11f1-a367-eeee0a83654e.gestao-reembolso-db-deployer#flowable-async-job-executor-thread-42049#
[PollExecuteTaskStatusExecution] 28eee1c0-1006-4225-bf57-a2fdb7dae99f [2026-09-20T03:03:20.702634] Collecting files... ok (0s 4ms) (STDOUT, APP/TASK/deploy)#
#2026 09 20 03:03:37.114#Z#DEBUG#8469ec21-b49f-11f1-a367-eeee0a83654e.gestao-reembolso-db-deployer#flowable-async-job-executor-thread-42049#
[PollExecuteTaskStatusExecution] 28eee1c0-1006-4225-bf57-a2fdb7dae99f [2026-09-20T03:03:20.702805] 3 directories collected (STDOUT, APP/TASK/deploy)#
#2026 09 20 03:03:37.114#Z#DEBUG#8469ec21-b49f-11f1-a367-eeee0a83654e.gestao-reembolso-db-deployer#flowable-async-job-executor-thread-42049#
[PollExecuteTaskStatusExecution] 28eee1c0-1006-4225-bf57-a2fdb7dae99f [2026-09-20T03:03:20.703010] 16 files collected (STDOUT, APP/TASK/deploy)#
#2026 09 20 03:03:37.114#Z#DEBUG#8469ec21-b49f-11f1-a367-eeee0a83654e.gestao-reembolso-db-deployer#flowable-async-job-executor-thread-42049#
[PollExecuteTaskStatusExecution] 28eee1c0-1006-4225-bf57-a2fdb7dae99f [2026-09-20T03:03:20.703039] 0 reusable modules collected (STDOUT, APP/TASK/deploy)#
#2026 09 20 03:03:37.114#Z#DEBUG#8469ec21-b49f-11f1-a367-eeee0a83654e.gestao-reembolso-db-deployer#flowable-async-job-executor-thread-42049#
[PollExecuteTaskStatusExecution] 28eee1c0-1006-4225-bf57-a2fdb7dae99f [2026-09-20T03:03:20.703215] Target service: gestao-reembolso-db (STDOUT, APP/TASK/deploy)#
#2026 09 20 03:03:37.114#Z#DEBUG#8469ec21-b49f-11f1-a367-eeee0a83654e.gestao-reembolso-db-deployer#flowable-async-job-executor-thread-42049#
[PollExecuteTaskStatusExecution] 28eee1c0-1006-4225-bf57-a2fdb7dae99f [2026-09-20T03:03:21.994720] Could not check if session variable APPLICATION is set correctly: HANA Database instance is stopped (STDERR, APP/TASK/deploy)#
#2026 09 20 03:03:37.114#Z#DEBUG#8469ec21-b49f-11f1-a367-eeee0a83654e.gestao-reembolso-db-deployer#flowable-async-job-executor-thread-42049#
[PollExecuteTaskStatusExecution] 28eee1c0-1006-4225-bf57-a2fdb7dae99f [2026-09-20T03:03:23.329916] Could not determine status of last build: HANA Database instance is stopped (STDOUT, APP/TASK/deploy)#
#2026 09 20 03:03:37.114#Z#DEBUG#8469ec21-b49f-11f1-a367-eeee0a83654e.gestao-reembolso-db-deployer#flowable-async-job-executor-thread-42049#
[PollExecuteTaskStatusExecution] 28eee1c0-1006-4225-bf57-a2fdb7dae99f [2026-09-20T03:03:23.329962] Processing revoke files... (STDOUT, APP/TASK/deploy)#
#2026 09 20 03:03:37.114#Z#DEBUG#8469ec21-b49f-11f1-a367-eeee0a83654e.gestao-reembolso-db-deployer#flowable-async-job-executor-thread-42049#
[PollExecuteTaskStatusExecution] 28eee1c0-1006-4225-bf57-a2fdb7dae99f [2026-09-20T03:03:23.330048] Processing revoke files... ok (0s 0ms) (STDOUT, APP/TASK/deploy)#
#2026 09 20 03:03:37.114#Z#DEBUG#8469ec21-b49f-11f1-a367-eeee0a83654e.gestao-reembolso-db-deployer#flowable-async-job-executor-thread-42049#
[PollExecuteTaskStatusExecution] 28eee1c0-1006-4225-bf57-a2fdb7dae99f [2026-09-20T03:03:23.330784] Processing grants files... (STDOUT, APP/TASK/deploy)#
#2026 09 20 03:03:37.114#Z#DEBUG#8469ec21-b49f-11f1-a367-eeee0a83654e.gestao-reembolso-db-deployer#flowable-async-job-executor-thread-42049#
[PollExecuteTaskStatusExecution] 28eee1c0-1006-4225-bf57-a2fdb7dae99f [2026-09-20T03:03:23.330829] Processing grants files... ok (0s 0ms) (STDOUT, APP/TASK/deploy)#
#2026 09 20 03:03:37.114#Z#DEBUG#8469ec21-b49f-11f1-a367-eeee0a83654e.gestao-reembolso-db-deployer#flowable-async-job-executor-thread-42049#
[PollExecuteTaskStatusExecution] 28eee1c0-1006-4225-bf57-a2fdb7dae99f [2026-09-20T03:03:23.332672] Preprocessing files... (STDOUT, APP/TASK/deploy)#
#2026 09 20 03:03:37.114#Z#DEBUG#8469ec21-b49f-11f1-a367-eeee0a83654e.gestao-reembolso-db-deployer#flowable-async-job-executor-thread-42049#
[PollExecuteTaskStatusExecution] 28eee1c0-1006-4225-bf57-a2fdb7dae99f [2026-09-20T03:03:23.332862] Preprocessing files... ok (0s 0ms) (STDOUT, APP/TASK/deploy)#
#2026 09 20 03:03:37.114#Z#DEBUG#8469ec21-b49f-11f1-a367-eeee0a83654e.gestao-reembolso-db-deployer#flowable-async-job-executor-thread-42049#
[PollExecuteTaskStatusExecution] 28eee1c0-1006-4225-bf57-a2fdb7dae99f [2026-09-20T03:03:23.332985] Connecting to the container "090EFF58E38844DE9A828FF6C9C62F6F"... (STDOUT, APP/TASK/deploy)#
#2026 09 20 03:03:37.114#Z#DEBUG#8469ec21-b49f-11f1-a367-eeee0a83654e.gestao-reembolso-db-deployer#flowable-async-job-executor-thread-42049#
[PollExecuteTaskStatusExecution] 28eee1c0-1006-4225-bf57-a2fdb7dae99f [2026-09-20T03:03:24.516491] Deployment to container 090EFF58E38844DE9A828FF6C9C62F6F failed - error: HANA Database instance is stopped [Deployment ID: none]. (STDERR, APP/TASK/deploy)#
#2026 09 20 03:03:37.114#Z#DEBUG#8469ec21-b49f-11f1-a367-eeee0a83654e.gestao-reembolso-db-deployer#flowable-async-job-executor-thread-42049#
[PollExecuteTaskStatusExecution] 28eee1c0-1006-4225-bf57-a2fdb7dae99f [2026-09-20T03:03:24.516839] Error: HANA Database instance is stopped (STDERR, APP/TASK/deploy)#
#2026 09 20 03:03:37.114#Z#DEBUG#8469ec21-b49f-11f1-a367-eeee0a83654e.gestao-reembolso-db-deployer#flowable-async-job-executor-thread-42049#
[PollExecuteTaskStatusExecution] 28eee1c0-1006-4225-bf57-a2fdb7dae99f [2026-09-20T03:03:24.516843] Deployment ended at 2026-09-20 03:03:24 (STDOUT, APP/TASK/deploy)#
#2026 09 20 03:03:37.114#Z#DEBUG#8469ec21-b49f-11f1-a367-eeee0a83654e.gestao-reembolso-db-deployer#flowable-async-job-executor-thread-42049#
[PollExecuteTaskStatusExecution] 28eee1c0-1006-4225-bf57-a2fdb7dae99f [2026-09-20T03:03:24.517028] (9s 14ms) (STDOUT, APP/TASK/deploy)#
#2026 09 20 03:03:37.114#Z#DEBUG#8469ec21-b49f-11f1-a367-eeee0a83654e.gestao-reembolso-db-deployer#flowable-async-job-executor-thread-42049#
[PollExecuteTaskStatusExecution] 28eee1c0-1006-4225-bf57-a2fdb7dae99f [2026-09-20T03:03:24.532148] npm notice (STDERR, APP/TASK/deploy)#
#2026 09 20 03:03:37.114#Z#DEBUG#8469ec21-b49f-11f1-a367-eeee0a83654e.gestao-reembolso-db-deployer#flowable-async-job-executor-thread-42049#
[PollExecuteTaskStatusExecution] 28eee1c0-1006-4225-bf57-a2fdb7dae99f [2026-09-20T03:03:24.532182] npm notice New major version of npm available! 10.9.8 -> 12.0.2 (STDERR, APP/TASK/deploy)#
#2026 09 20 03:03:37.114#Z#DEBUG#8469ec21-b49f-11f1-a367-eeee0a83654e.gestao-reembolso-db-deployer#flowable-async-job-executor-thread-42049#
[PollExecuteTaskStatusExecution] 28eee1c0-1006-4225-bf57-a2fdb7dae99f [2026-09-20T03:03:24.532186] npm notice Changelog: https://github.com/npm/cli/releases/tag/v12.0.2 (STDERR, APP/TASK/deploy)#
#2026 09 20 03:03:37.114#Z#DEBUG#8469ec21-b49f-11f1-a367-eeee0a83654e.gestao-reembolso-db-deployer#flowable-async-job-executor-thread-42049#
[PollExecuteTaskStatusExecution] 28eee1c0-1006-4225-bf57-a2fdb7dae99f [2026-09-20T03:03:24.532189] npm notice To update run: npm install -g npm@12.0.2 (STDERR, APP/TASK/deploy)#
#2026 09 20 03:03:37.114#Z#DEBUG#8469ec21-b49f-11f1-a367-eeee0a83654e.gestao-reembolso-db-deployer#flowable-async-job-executor-thread-42049#
[PollExecuteTaskStatusExecution] 28eee1c0-1006-4225-bf57-a2fdb7dae99f [2026-09-20T03:03:24.532191] npm notice (STDERR, APP/TASK/deploy)#
#2026 09 20 03:03:37.114#Z#DEBUG#8469ec21-b49f-11f1-a367-eeee0a83654e.gestao-reembolso-db-deployer#flowable-async-job-executor-thread-42049#
[PollExecuteTaskStatusExecution] 28eee1c0-1006-4225-bf57-a2fdb7dae99f [2026-09-20T03:03:24.605765] Exit status 1 (STDOUT, APP/TASK/deploy)#
#2026 09 20 03:03:37.114#Z#DEBUG#8469ec21-b49f-11f1-a367-eeee0a83654e.gestao-reembolso-db-deployer#flowable-async-job-executor-thread-42049#
[PollExecuteTaskStatusExecution] 28eee1c0-1006-4225-bf57-a2fdb7dae99f [2026-09-20T03:03:24.937844] Cell 684caff8-89cd-492b-be01-b3d0835f1763 stopping instance 64564ec2-485e-4bbf-a143-e1c89b749f79 (STDOUT, CELL)#
#2026 09 20 03:03:37.114#Z#DEBUG#8469ec21-b49f-11f1-a367-eeee0a83654e.gestao-reembolso-db-deployer#flowable-async-job-executor-thread-42049#
[PollExecuteTaskStatusExecution] 28eee1c0-1006-4225-bf57-a2fdb7dae99f [2026-09-20T03:03:24.937891] Cell 684caff8-89cd-492b-be01-b3d0835f1763 destroying container for instance 64564ec2-485e-4bbf-a143-e1c89b749f79 (STDOUT, CELL)#
#2026 09 20 03:03:37.114#Z#DEBUG#8469ec21-b49f-11f1-a367-eeee0a83654e.gestao-reembolso-db-deployer#flowable-async-job-executor-thread-42049#
[PollExecuteTaskStatusExecution] 28eee1c0-1006-4225-bf57-a2fdb7dae99f [2026-09-20T03:03:26.227703] Cell 684caff8-89cd-492b-be01-b3d0835f1763 successfully destroyed container for instance 64564ec2-485e-4bbf-a143-e1c89b749f79 (STDOUT, CELL)#
#2026 09 20 03:03:37.114#Z#DEBUG#8469ec21-b49f-11f1-a367-eeee0a83654e.gestao-reembolso-db-deployer#flowable-async-job-executor-thread-42049#
[PollExecuteTaskStatusExecution] 28eee1c0-1006-4225-bf57-a2fdb7dae99f [2026-09-20T03:03:28.806030] Cell 684caff8-89cd-492b-be01-b3d0835f1763 creating container for instance 32e03209-47a8-4ff0-9038-c437732d2193 (STDOUT, CELL)#
#2026 09 20 03:03:37.114#Z#DEBUG#8469ec21-b49f-11f1-a367-eeee0a83654e.gestao-reembolso-db-deployer#flowable-async-job-executor-thread-42049#
[PollExecuteTaskStatusExecution] 28eee1c0-1006-4225-bf57-a2fdb7dae99f [2026-09-20T03:03:29.261023] Security group rules were updated (STDOUT, CELL)#
#2026 09 20 03:03:37.114#Z#DEBUG#8469ec21-b49f-11f1-a367-eeee0a83654e.gestao-reembolso-db-deployer#flowable-async-job-executor-thread-42049#
[PollExecuteTaskStatusExecution] 28eee1c0-1006-4225-bf57-a2fdb7dae99f [2026-09-20T03:03:29.292215] Cell 684caff8-89cd-492b-be01-b3d0835f1763 successfully created container for instance 32e03209-47a8-4ff0-9038-c437732d2193 (STDOUT, CELL)#
#2026 09 20 03:03:37.114#Z#DEBUG#8469ec21-b49f-11f1-a367-eeee0a83654e.gestao-reembolso-db-deployer#flowable-async-job-executor-thread-42049#
[PollExecuteTaskStatusExecution] 28eee1c0-1006-4225-bf57-a2fdb7dae99f [2026-09-20T03:03:34.057923] Invoking pre-start scripts. (STDOUT, APP/TASK/deploy)#
#2026 09 20 03:03:37.114#Z#DEBUG#8469ec21-b49f-11f1-a367-eeee0a83654e.gestao-reembolso-db-deployer#flowable-async-job-executor-thread-42049#
[PollExecuteTaskStatusExecution] 28eee1c0-1006-4225-bf57-a2fdb7dae99f [2026-09-20T03:03:34.268643] Invoking start command. (STDOUT, APP/TASK/deploy)#
#2026 09 20 03:03:37.114#Z#DEBUG#8469ec21-b49f-11f1-a367-eeee0a83654e.gestao-reembolso-db-deployer#flowable-async-job-executor-thread-42049#
[PollExecuteTaskStatusExecution] 28eee1c0-1006-4225-bf57-a2fdb7dae99f [2026-09-20T03:03:34.711236] > gestao-reembolso-db@1.0.0 start (STDOUT, APP/TASK/deploy)#
#2026 09 20 03:03:37.114#Z#DEBUG#8469ec21-b49f-11f1-a367-eeee0a83654e.gestao-reembolso-db-deployer#flowable-async-job-executor-thread-42049#
[PollExecuteTaskStatusExecution] 28eee1c0-1006-4225-bf57-a2fdb7dae99f [2026-09-20T03:03:34.711269] > node node_modules/@sap/hdi-deploy/deploy.js (STDOUT, APP/TASK/deploy)#
#2026 09 20 03:03:37.114#Z#DEBUG#8469ec21-b49f-11f1-a367-eeee0a83654e.gestao-reembolso-db-deployer#flowable-async-job-executor-thread-42049#
[PollExecuteTaskStatusExecution] 28eee1c0-1006-4225-bf57-a2fdb7dae99f [2026-09-20T03:03:34.876163] VCAP_SERVICES: (STDOUT, APP/TASK/deploy)#
#2026 09 20 03:03:37.114#Z#DEBUG#8469ec21-b49f-11f1-a367-eeee0a83654e.gestao-reembolso-db-deployer#flowable-async-job-executor-thread-42049#
[PollExecuteTaskStatusExecution] 28eee1c0-1006-4225-bf57-a2fdb7dae99f [2026-09-20T03:03:34.876751] { (STDOUT, APP/TASK/deploy)#
#2026 09 20 03:03:37.114#Z#DEBUG#8469ec21-b49f-11f1-a367-eeee0a83654e.gestao-reembolso-db-deployer#flowable-async-job-executor-thread-42049#
[PollExecuteTaskStatusExecution] 28eee1c0-1006-4225-bf57-a2fdb7dae99f [2026-09-20T03:03:34.876780] "hana": [ (STDOUT, APP/TASK/deploy)#
#2026 09 20 03:03:37.114#Z#DEBUG#8469ec21-b49f-11f1-a367-eeee0a83654e.gestao-reembolso-db-deployer#flowable-async-job-executor-thread-42049#
[PollExecuteTaskStatusExecution] 28eee1c0-1006-4225-bf57-a2fdb7dae99f [2026-09-20T03:03:34.876785] { (STDOUT, APP/TASK/deploy)#
#2026 09 20 03:03:37.114#Z#DEBUG#8469ec21-b49f-11f1-a367-eeee0a83654e.gestao-reembolso-db-deployer#flowable-async-job-executor-thread-42049#
[PollExecuteTaskStatusExecution] 28eee1c0-1006-4225-bf57-a2fdb7dae99f [2026-09-20T03:03:34.876788] "name": "gestao-reembolso-db", (STDOUT, APP/TASK/deploy)#
#2026 09 20 03:03:37.114#Z#DEBUG#8469ec21-b49f-11f1-a367-eeee0a83654e.gestao-reembolso-db-deployer#flowable-async-job-executor-thread-42049#
[PollExecuteTaskStatusExecution] 28eee1c0-1006-4225-bf57-a2fdb7dae99f [2026-09-20T03:03:34.876792] "label": "hana", (STDOUT, APP/TASK/deploy)#
#2026 09 20 03:03:37.114#Z#DEBUG#8469ec21-b49f-11f1-a367-eeee0a83654e.gestao-reembolso-db-deployer#flowable-async-job-executor-thread-42049#
[PollExecuteTaskStatusExecution] 28eee1c0-1006-4225-bf57-a2fdb7dae99f [2026-09-20T03:03:34.876795] "plan": "hdi-shared", (STDOUT, APP/TASK/deploy)#
#2026 09 20 03:03:37.114#Z#DEBUG#8469ec21-b49f-11f1-a367-eeee0a83654e.gestao-reembolso-db-deployer#flowable-async-job-executor-thread-42049#
[PollExecuteTaskStatusExecution] 28eee1c0-1006-4225-bf57-a2fdb7dae99f [2026-09-20T03:03:34.876797] "credentials": { (STDOUT, APP/TASK/deploy)#
#2026 09 20 03:03:37.114#Z#DEBUG#8469ec21-b49f-11f1-a367-eeee0a83654e.gestao-reembolso-db-deployer#flowable-async-job-executor-thread-42049#
[PollExecuteTaskStatusExecution] 28eee1c0-1006-4225-bf57-a2fdb7dae99f [2026-09-20T03:03:34.876800] "schema": "090EFF58E38844DE9A828FF6C9C62F6F", (STDOUT, APP/TASK/deploy)#
#2026 09 20 03:03:37.114#Z#DEBUG#8469ec21-b49f-11f1-a367-eeee0a83654e.gestao-reembolso-db-deployer#flowable-async-job-executor-thread-42049#
[PollExecuteTaskStatusExecution] 28eee1c0-1006-4225-bf57-a2fdb7dae99f [2026-09-20T03:03:34.876802] "database_id": "44255285-c6d5-4950-a80f-64ccb585f279", (STDOUT, APP/TASK/deploy)#
#2026 09 20 03:03:37.114#Z#DEBUG#8469ec21-b49f-11f1-a367-eeee0a83654e.gestao-reembolso-db-deployer#flowable-async-job-executor-thread-42049#
[PollExecuteTaskStatusExecution] 28eee1c0-1006-4225-bf57-a2fdb7dae99f [2026-09-20T03:03:34.876813] "user": "090EFF58E38844DE9A828FF6C9C62F6F_5F07PX88O43GFZWCE2IJIEBPO_RT", (STDOUT, APP/TASK/deploy)#
#2026 09 20 03:03:37.114#Z#DEBUG#8469ec21-b49f-11f1-a367-eeee0a83654e.gestao-reembolso-db-deployer#flowable-async-job-executor-thread-42049#
[PollExecuteTaskStatusExecution] 28eee1c0-1006-4225-bf57-a2fdb7dae99f [2026-09-20T03:03:34.876816] "hdi_user": "090EFF58E38844DE9A828FF6C9C62F6F_5F07PX88O43GFZWCE2IJIEBPO_DT" (STDOUT, APP/TASK/deploy)#
#2026 09 20 03:03:37.114#Z#DEBUG#8469ec21-b49f-11f1-a367-eeee0a83654e.gestao-reembolso-db-deployer#flowable-async-job-executor-thread-42049#
[PollExecuteTaskStatusExecution] 28eee1c0-1006-4225-bf57-a2fdb7dae99f [2026-09-20T03:03:34.876817] }, (STDOUT, APP/TASK/deploy)#
#2026 09 20 03:03:37.114#Z#DEBUG#8469ec21-b49f-11f1-a367-eeee0a83654e.gestao-reembolso-db-deployer#flowable-async-job-executor-thread-42049#
[PollExecuteTaskStatusExecution] 28eee1c0-1006-4225-bf57-a2fdb7dae99f [2026-09-20T03:03:34.876819] "tags": [ (STDOUT, APP/TASK/deploy)#
#2026 09 20 03:03:37.114#Z#DEBUG#8469ec21-b49f-11f1-a367-eeee0a83654e.gestao-reembolso-db-deployer#flowable-async-job-executor-thread-42049#
[PollExecuteTaskStatusExecution] 28eee1c0-1006-4225-bf57-a2fdb7dae99f [2026-09-20T03:03:34.876821] "hana", (STDOUT, APP/TASK/deploy)#
#2026 09 20 03:03:37.114#Z#DEBUG#8469ec21-b49f-11f1-a367-eeee0a83654e.gestao-reembolso-db-deployer#flowable-async-job-executor-thread-42049#
[PollExecuteTaskStatusExecution] 28eee1c0-1006-4225-bf57-a2fdb7dae99f [2026-09-20T03:03:34.876823] "database", (STDOUT, APP/TASK/deploy)#
#2026 09 20 03:03:37.114#Z#DEBUG#8469ec21-b49f-11f1-a367-eeee0a83654e.gestao-reembolso-db-deployer#flowable-async-job-executor-thread-42049#
[PollExecuteTaskStatusExecution] 28eee1c0-1006-4225-bf57-a2fdb7dae99f [2026-09-20T03:03:34.876825] "relational" (STDOUT, APP/TASK/deploy)#
#2026 09 20 03:03:37.114#Z#DEBUG#8469ec21-b49f-11f1-a367-eeee0a83654e.gestao-reembolso-db-deployer#flowable-async-job-executor-thread-42049#
[PollExecuteTaskStatusExecution] 28eee1c0-1006-4225-bf57-a2fdb7dae99f [2026-09-20T03:03:34.876826] ] (STDOUT, APP/TASK/deploy)#
#2026 09 20 03:03:37.114#Z#DEBUG#8469ec21-b49f-11f1-a367-eeee0a83654e.gestao-reembolso-db-deployer#flowable-async-job-executor-thread-42049#
[PollExecuteTaskStatusExecution] 28eee1c0-1006-4225-bf57-a2fdb7dae99f [2026-09-20T03:03:34.876828] } (STDOUT, APP/TASK/deploy)#
#2026 09 20 03:03:37.114#Z#DEBUG#8469ec21-b49f-11f1-a367-eeee0a83654e.gestao-reembolso-db-deployer#flowable-async-job-executor-thread-42049#
[PollExecuteTaskStatusExecution] 28eee1c0-1006-4225-bf57-a2fdb7dae99f [2026-09-20T03:03:34.876830] ] (STDOUT, APP/TASK/deploy)#
#2026 09 20 03:03:37.114#Z#DEBUG#8469ec21-b49f-11f1-a367-eeee0a83654e.gestao-reembolso-db-deployer#flowable-async-job-executor-thread-42049#
[PollExecuteTaskStatusExecution] 28eee1c0-1006-4225-bf57-a2fdb7dae99f [2026-09-20T03:03:34.876831] } (STDOUT, APP/TASK/deploy)#
#2026 09 20 03:03:47.148#Z#DEBUG#8469ec21-b49f-11f1-a367-eeee0a83654e.gestao-reembolso-db-deployer#flowable-async-job-executor-thread-42056#
[PollExecuteTaskStatusExecution] 28eee1c0-1006-4225-bf57-a2fdb7dae99f [2026-09-20T03:03:39.734724] @sap/hdi-deploy, version 5.7.0 (mode default), server version unknown (0.0.0.0), cloud version , node version 22.23.2, HDI version -1, container API version -1 (STDOUT, APP/TASK/deploy)#
#2026 09 20 03:03:47.148#Z#DEBUG#8469ec21-b49f-11f1-a367-eeee0a83654e.gestao-reembolso-db-deployer#flowable-async-job-executor-thread-42056#
[PollExecuteTaskStatusExecution] 28eee1c0-1006-4225-bf57-a2fdb7dae99f [2026-09-20T03:03:39.734763] Deployment started at 2026-09-20 03:03:39 (STDOUT, APP/TASK/deploy)#
#2026 09 20 03:03:47.148#Z#DEBUG#8469ec21-b49f-11f1-a367-eeee0a83654e.gestao-reembolso-db-deployer#flowable-async-job-executor-thread-42056#
[PollExecuteTaskStatusExecution] 28eee1c0-1006-4225-bf57-a2fdb7dae99f [2026-09-20T03:03:39.735040] Using @sap/hana-client@2.30.27 for connection (STDOUT, APP/TASK/deploy)#
#2026 09 20 03:03:47.148#Z#DEBUG#8469ec21-b49f-11f1-a367-eeee0a83654e.gestao-reembolso-db-deployer#flowable-async-job-executor-thread-42056#
[PollExecuteTaskStatusExecution] 28eee1c0-1006-4225-bf57-a2fdb7dae99f [2026-09-20T03:03:39.735062] Detection of server version failed; root cause: HANA Database instance is stopped (STDOUT, APP/TASK/deploy)#
#2026 09 20 03:03:47.148#Z#DEBUG#8469ec21-b49f-11f1-a367-eeee0a83654e.gestao-reembolso-db-deployer#flowable-async-job-executor-thread-42056#
[PollExecuteTaskStatusExecution] 28eee1c0-1006-4225-bf57-a2fdb7dae99f [2026-09-20T03:03:39.735068] Detection of cloud version failed; root cause: HANA Database instance is stopped (STDOUT, APP/TASK/deploy)#
#2026 09 20 03:03:47.148#Z#DEBUG#8469ec21-b49f-11f1-a367-eeee0a83654e.gestao-reembolso-db-deployer#flowable-async-job-executor-thread-42056#
[PollExecuteTaskStatusExecution] 28eee1c0-1006-4225-bf57-a2fdb7dae99f [2026-09-20T03:03:39.735088] Detection of container API version failed; root cause: HANA Database instance is stopped (STDOUT, APP/TASK/deploy)#
#2026 09 20 03:03:47.148#Z#DEBUG#8469ec21-b49f-11f1-a367-eeee0a83654e.gestao-reembolso-db-deployer#flowable-async-job-executor-thread-42056#
[PollExecuteTaskStatusExecution] 28eee1c0-1006-4225-bf57-a2fdb7dae99f [2026-09-20T03:03:39.735091] Detection of HDI version failed; root cause: HANA Database instance is stopped (STDOUT, APP/TASK/deploy)#
#2026 09 20 03:03:47.148#Z#DEBUG#8469ec21-b49f-11f1-a367-eeee0a83654e.gestao-reembolso-db-deployer#flowable-async-job-executor-thread-42056#
[PollExecuteTaskStatusExecution] 28eee1c0-1006-4225-bf57-a2fdb7dae99f [2026-09-20T03:03:39.735812] The server does not support live updating of make messages. The messages will be displayed, when the make is done. (STDOUT, APP/TASK/deploy)#
#2026 09 20 03:03:47.148#Z#DEBUG#8469ec21-b49f-11f1-a367-eeee0a83654e.gestao-reembolso-db-deployer#flowable-async-job-executor-thread-42056#
[PollExecuteTaskStatusExecution] 28eee1c0-1006-4225-bf57-a2fdb7dae99f [2026-09-20T03:03:39.756839] No ignore file at /home/vcap/app/.hdiignore. (STDOUT, APP/TASK/deploy)#
#2026 09 20 03:03:47.148#Z#DEBUG#8469ec21-b49f-11f1-a367-eeee0a83654e.gestao-reembolso-db-deployer#flowable-async-job-executor-thread-42056#
[PollExecuteTaskStatusExecution] 28eee1c0-1006-4225-bf57-a2fdb7dae99f [2026-09-20T03:03:39.757149] Collecting files... (STDOUT, APP/TASK/deploy)#
#2026 09 20 03:03:47.148#Z#DEBUG#8469ec21-b49f-11f1-a367-eeee0a83654e.gestao-reembolso-db-deployer#flowable-async-job-executor-thread-42056#
[PollExecuteTaskStatusExecution] 28eee1c0-1006-4225-bf57-a2fdb7dae99f [2026-09-20T03:03:39.761019] Collecting files... ok (0s 4ms) (STDOUT, APP/TASK/deploy)#
#2026 09 20 03:03:47.148#Z#DEBUG#8469ec21-b49f-11f1-a367-eeee0a83654e.gestao-reembolso-db-deployer#flowable-async-job-executor-thread-42056#
[PollExecuteTaskStatusExecution] 28eee1c0-1006-4225-bf57-a2fdb7dae99f [2026-09-20T03:03:39.761045] 3 directories collected (STDOUT, APP/TASK/deploy)#
#2026 09 20 03:03:47.148#Z#DEBUG#8469ec21-b49f-11f1-a367-eeee0a83654e.gestao-reembolso-db-deployer#flowable-async-job-executor-thread-42056#
[PollExecuteTaskStatusExecution] 28eee1c0-1006-4225-bf57-a2fdb7dae99f [2026-09-20T03:03:39.761048] 16 files collected (STDOUT, APP/TASK/deploy)#
#2026 09 20 03:03:47.148#Z#DEBUG#8469ec21-b49f-11f1-a367-eeee0a83654e.gestao-reembolso-db-deployer#flowable-async-job-executor-thread-42056#
[PollExecuteTaskStatusExecution] 28eee1c0-1006-4225-bf57-a2fdb7dae99f [2026-09-20T03:03:39.761054] 0 reusable modules collected (STDOUT, APP/TASK/deploy)#
#2026 09 20 03:03:47.148#Z#DEBUG#8469ec21-b49f-11f1-a367-eeee0a83654e.gestao-reembolso-db-deployer#flowable-async-job-executor-thread-42056#
[PollExecuteTaskStatusExecution] 28eee1c0-1006-4225-bf57-a2fdb7dae99f [2026-09-20T03:03:39.761063] Target service: gestao-reembolso-db (STDOUT, APP/TASK/deploy)#
#2026 09 20 03:03:47.148#Z#DEBUG#8469ec21-b49f-11f1-a367-eeee0a83654e.gestao-reembolso-db-deployer#flowable-async-job-executor-thread-42056#
[PollExecuteTaskStatusExecution] 28eee1c0-1006-4225-bf57-a2fdb7dae99f [2026-09-20T03:03:41.107877] Could not check if session variable APPLICATION is set correctly: HANA Database instance is stopped (STDERR, APP/TASK/deploy)#
#2026 09 20 03:03:47.148#Z#DEBUG#8469ec21-b49f-11f1-a367-eeee0a83654e.gestao-reembolso-db-deployer#flowable-async-job-executor-thread-42056#
[PollExecuteTaskStatusExecution] 28eee1c0-1006-4225-bf57-a2fdb7dae99f [2026-09-20T03:03:42.422620] Could not determine status of last build: HANA Database instance is stopped (STDOUT, APP/TASK/deploy)#
#2026 09 20 03:03:47.148#Z#DEBUG#8469ec21-b49f-11f1-a367-eeee0a83654e.gestao-reembolso-db-deployer#flowable-async-job-executor-thread-42056#
[PollExecuteTaskStatusExecution] 28eee1c0-1006-4225-bf57-a2fdb7dae99f [2026-09-20T03:03:42.422701] Processing revoke files... (STDOUT, APP/TASK/deploy)#
#2026 09 20 03:03:47.148#Z#DEBUG#8469ec21-b49f-11f1-a367-eeee0a83654e.gestao-reembolso-db-deployer#flowable-async-job-executor-thread-42056#
[PollExecuteTaskStatusExecution] 28eee1c0-1006-4225-bf57-a2fdb7dae99f [2026-09-20T03:03:42.422843] Processing revoke files... ok (0s 0ms) (STDOUT, APP/TASK/deploy)#
#2026 09 20 03:03:47.148#Z#DEBUG#8469ec21-b49f-11f1-a367-eeee0a83654e.gestao-reembolso-db-deployer#flowable-async-job-executor-thread-42056#
[PollExecuteTaskStatusExecution] 28eee1c0-1006-4225-bf57-a2fdb7dae99f [2026-09-20T03:03:42.423035] Processing grants files... (STDOUT, APP/TASK/deploy)#
#2026 09 20 03:03:47.148#Z#DEBUG#8469ec21-b49f-11f1-a367-eeee0a83654e.gestao-reembolso-db-deployer#flowable-async-job-executor-thread-42056#
[PollExecuteTaskStatusExecution] 28eee1c0-1006-4225-bf57-a2fdb7dae99f [2026-09-20T03:03:42.423074] Processing grants files... ok (0s 0ms) (STDOUT, APP/TASK/deploy)#
#2026 09 20 03:03:47.148#Z#DEBUG#8469ec21-b49f-11f1-a367-eeee0a83654e.gestao-reembolso-db-deployer#flowable-async-job-executor-thread-42056#
[PollExecuteTaskStatusExecution] 28eee1c0-1006-4225-bf57-a2fdb7dae99f [2026-09-20T03:03:42.425738] Preprocessing files... (STDOUT, APP/TASK/deploy)#
#2026 09 20 03:03:47.148#Z#DEBUG#8469ec21-b49f-11f1-a367-eeee0a83654e.gestao-reembolso-db-deployer#flowable-async-job-executor-thread-42056#
[PollExecuteTaskStatusExecution] 28eee1c0-1006-4225-bf57-a2fdb7dae99f [2026-09-20T03:03:42.426362] Preprocessing files... ok (0s 1ms) (STDOUT, APP/TASK/deploy)#
#2026 09 20 03:03:47.148#Z#DEBUG#8469ec21-b49f-11f1-a367-eeee0a83654e.gestao-reembolso-db-deployer#flowable-async-job-executor-thread-42056#
[PollExecuteTaskStatusExecution] 28eee1c0-1006-4225-bf57-a2fdb7dae99f [2026-09-20T03:03:42.426377] Connecting to the container "090EFF58E38844DE9A828FF6C9C62F6F"... (STDOUT, APP/TASK/deploy)#
#2026 09 20 03:03:47.148#Z#DEBUG#8469ec21-b49f-11f1-a367-eeee0a83654e.gestao-reembolso-db-deployer#flowable-async-job-executor-thread-42056#
[PollExecuteTaskStatusExecution] 28eee1c0-1006-4225-bf57-a2fdb7dae99f [2026-09-20T03:03:43.731003] Deployment to container 090EFF58E38844DE9A828FF6C9C62F6F failed - error: HANA Database instance is stopped [Deployment ID: none]. (STDERR, APP/TASK/deploy)#
#2026 09 20 03:03:47.148#Z#DEBUG#8469ec21-b49f-11f1-a367-eeee0a83654e.gestao-reembolso-db-deployer#flowable-async-job-executor-thread-42056#
[PollExecuteTaskStatusExecution] 28eee1c0-1006-4225-bf57-a2fdb7dae99f [2026-09-20T03:03:43.731693] Error: HANA Database instance is stopped (STDERR, APP/TASK/deploy)#
#2026 09 20 03:03:47.148#Z#DEBUG#8469ec21-b49f-11f1-a367-eeee0a83654e.gestao-reembolso-db-deployer#flowable-async-job-executor-thread-42056#
[PollExecuteTaskStatusExecution] 28eee1c0-1006-4225-bf57-a2fdb7dae99f [2026-09-20T03:03:43.731830] Deployment ended at 2026-09-20 03:03:43 (STDOUT, APP/TASK/deploy)#
#2026 09 20 03:03:47.148#Z#DEBUG#8469ec21-b49f-11f1-a367-eeee0a83654e.gestao-reembolso-db-deployer#flowable-async-job-executor-thread-42056#
[PollExecuteTaskStatusExecution] 28eee1c0-1006-4225-bf57-a2fdb7dae99f [2026-09-20T03:03:43.732] (8s 972ms) (STDOUT, APP/TASK/deploy)#
#2026 09 20 03:03:47.148#Z#DEBUG#8469ec21-b49f-11f1-a367-eeee0a83654e.gestao-reembolso-db-deployer#flowable-async-job-executor-thread-42056#
[PollExecuteTaskStatusExecution] 28eee1c0-1006-4225-bf57-a2fdb7dae99f [2026-09-20T03:03:43.753850] npm notice (STDERR, APP/TASK/deploy)#
#2026 09 20 03:03:47.148#Z#DEBUG#8469ec21-b49f-11f1-a367-eeee0a83654e.gestao-reembolso-db-deployer#flowable-async-job-executor-thread-42056#
[PollExecuteTaskStatusExecution] 28eee1c0-1006-4225-bf57-a2fdb7dae99f [2026-09-20T03:03:43.753880] npm notice New major version of npm available! 10.9.8 -> 12.0.2 (STDERR, APP/TASK/deploy)#
#2026 09 20 03:03:47.148#Z#DEBUG#8469ec21-b49f-11f1-a367-eeee0a83654e.gestao-reembolso-db-deployer#flowable-async-job-executor-thread-42056#
[PollExecuteTaskStatusExecution] 28eee1c0-1006-4225-bf57-a2fdb7dae99f [2026-09-20T03:03:43.753886] npm notice Changelog: https://github.com/npm/cli/releases/tag/v12.0.2 (STDERR, APP/TASK/deploy)#
#2026 09 20 03:03:47.148#Z#DEBUG#8469ec21-b49f-11f1-a367-eeee0a83654e.gestao-reembolso-db-deployer#flowable-async-job-executor-thread-42056#
[PollExecuteTaskStatusExecution] 28eee1c0-1006-4225-bf57-a2fdb7dae99f [2026-09-20T03:03:43.753889] npm notice To update run: npm install -g npm@12.0.2 (STDERR, APP/TASK/deploy)#
#2026 09 20 03:03:47.148#Z#DEBUG#8469ec21-b49f-11f1-a367-eeee0a83654e.gestao-reembolso-db-deployer#flowable-async-job-executor-thread-42056#
[PollExecuteTaskStatusExecution] 28eee1c0-1006-4225-bf57-a2fdb7dae99f [2026-09-20T03:03:43.753891] npm notice (STDERR, APP/TASK/deploy)#
#2026 09 20 03:03:47.148#Z#DEBUG#8469ec21-b49f-11f1-a367-eeee0a83654e.gestao-reembolso-db-deployer#flowable-async-job-executor-thread-42056#
[PollExecuteTaskStatusExecution] 28eee1c0-1006-4225-bf57-a2fdb7dae99f [2026-09-20T03:03:43.825162] Exit status 1 (STDOUT, APP/TASK/deploy)#
#2026 09 20 03:03:47.148#Z#DEBUG#8469ec21-b49f-11f1-a367-eeee0a83654e.gestao-reembolso-db-deployer#flowable-async-job-executor-thread-42056#
[PollExecuteTaskStatusExecution] 28eee1c0-1006-4225-bf57-a2fdb7dae99f [2026-09-20T03:03:45.019742] Cell 684caff8-89cd-492b-be01-b3d0835f1763 stopping instance 32e03209-47a8-4ff0-9038-c437732d2193 (STDOUT, CELL)#
#2026 09 20 03:03:47.148#Z#DEBUG#8469ec21-b49f-11f1-a367-eeee0a83654e.gestao-reembolso-db-deployer#flowable-async-job-executor-thread-42056#
[PollExecuteTaskStatusExecution] 28eee1c0-1006-4225-bf57-a2fdb7dae99f [2026-09-20T03:03:45.019791] Cell 684caff8-89cd-492b-be01-b3d0835f1763 destroying container for instance 32e03209-47a8-4ff0-9038-c437732d2193 (STDOUT, CELL)#
